,nick,contents,recomm,unrecomm,title,play,like,reple_count,episode
0,rosi****,ㅅㅂ옷입고 목욕탕 들어가는거 ㅈㄴ웃기넼ㅋㅋㅋㅋㅋㅋㅋㅋㅋㅋㅋㅋ저거 명품일 텐데ㅋㅋㅋㅋㅋㅋㅋㅋ,5,0,"신은경, 핸드폰 너머 이엘리야의 의도적 신음에 ‘분노 폭발’","재생수 474,498",842,185,1
1,핑크에메랄드,왠지 선황제가 바람은 못폈을거 같다는 생각이 든다 태후가 황후로 있는한 감히 생각도 못했을듯,2,0,"신은경, 핸드폰 너머 이엘리야의 의도적 신음에 ‘분노 폭발’","재생수 474,498",842,185,1
2,서지안,ㅋㅋㅋㅋㅋㅋㅋㅋ,0,0,"신은경, 핸드폰 너머 이엘리야의 의도적 신음에 ‘분노 폭발’","재생수 474,498",842,185,1
3,경,ㅏ,0,0,"신은경, 핸드폰 너머 이엘리야의 의도적 신음에 ‘분노 폭발’","재생수 474,498",842,185,1
4,홍홍,이게 나라냐? 방송에서 이딴수위가 나오고 지랄이야 진짜 개좃헬조선 시발,3,5,"신은경, 핸드폰 너머 이엘리야의 의도적 신음에 ‘분노 폭발’","재생수 474,498",842,185,1
5,앵그리햄,이엘리야님 진짜 예쁘다,8,1,"신은경, 핸드폰 너머 이엘리야의 의도적 신음에 ‘분노 폭발’","재생수 474,498",842,185,1
6,doloing,오늘은 이거다,2,2,"신은경, 핸드폰 너머 이엘리야의 의도적 신음에 ‘분노 폭발’","재생수 474,498",842,185,1
7,강민주,ㅋㅋㅋㅋㅋㅋㅋㅋㅋㅋㅋㅋㅋㅋㅋㅋㅋ에쓰엠드립봐 ㅋ,6,1,"신은경, 핸드폰 너머 이엘리야의 의도적 신음에 ‘분노 폭발’","재생수 474,498",842,185,1
8,추워죽겠네,15세인데 저정도는 나와줘야지ㅋㅋ 댓글보고 졸라야한줄알았더니만 미드15세보다 못하네 청소년이야기도 아니고 나이든 성인들 이야긴데 저런거 안나오는게 이상한거아님?그냥 드라마19붙히고 방송해줘라 제발,26,5,"신은경, 핸드폰 너머 이엘리야의 의도적 신음에 ‘분노 폭발’","재생수 474,498",842,185,1
9,그리,토나와,4,6,"신은경, 핸드폰 너머 이엘리야의 의도적 신음에 ‘분노 폭발’","재생수 474,498",842,185,1
10,ykr0****,페하 소리를 몇 번 하는거지?,37,0,"신은경, 핸드폰 너머 이엘리야의 의도적 신음에 ‘분노 폭발’","재생수 474,498",842,185,1
11,별들의도시,역시 막장드라마 전문 작가는 미쳤네 수위도 높아,34,0,"신은경, 핸드폰 너머 이엘리야의 의도적 신음에 ‘분노 폭발’","재생수 474,498",842,185,1
12,cktj****,드라마 수준하고는 이런 막장드라마 진짜 질린다. 이런 막장아님 드라마 못쓰나봐요? 진짜 수준하고는,24,6,"신은경, 핸드폰 너머 이엘리야의 의도적 신음에 ‘분노 폭발’","재생수 474,498",842,185,1
13,마힐,아니 ㅅㅋㅋㅋㅋㅌㅋㅋㅋㅋㅋㅋㅋㅋㅋㅌㅌㅋㅋㅋㅋㅋ옷ㅌㅌㅋㅋㅋㅋㅋ거품목 ㅡㅌㅇㅋㅋㅇ굨ㅌㅋㅋㅋㅋ,21,0,"신은경, 핸드폰 너머 이엘리야의 의도적 신음에 ‘분노 폭발’","재생수 474,498",842,185,1
14,도도미인,미친거아니냐..이런걸 내보내다니,21,1,"신은경, 핸드폰 너머 이엘리야의 의도적 신음에 ‘분노 폭발’","재생수 474,498",842,185,1
15,깅,솔직히 왕이 가지고 노는거지.. 진심으로 사랑하면 저러겎냐..,38,3,"신은경, 핸드폰 너머 이엘리야의 의도적 신음에 ‘분노 폭발’","재생수 474,498",842,185,1
16,지은,이래서 tvn이랑 jtbc에서 밀려났구나... 너무 야하고 너무 오글거림에 연기도 조금 부자연스럽고... 옛날 공중파였음 이런거 못했을텐데... 이젠 시청률도 안나오고 그러니 이젠 아무장르 막하는구나...,61,3,"신은경, 핸드폰 너머 이엘리야의 의도적 신음에 ‘분노 폭발’","재생수 474,498",842,185,1
17,dran****,ㅋㅋㅋㅋㅋㅋㅋㅋㅋㅋㅋㅋㅋㅋㅋㅋㅋㅋㅋ미1친,21,2,"신은경, 핸드폰 너머 이엘리야의 의도적 신음에 ‘분노 폭발’","재생수 474,498",842,185,1
18,축구가짱이지,나만 이어폰 다들리나요??,7,1,"신은경, 핸드폰 너머 이엘리야의 의도적 신음에 ‘분노 폭발’","재생수 474,498",842,185,1
19,김규린,SBS 맞죠?,22,0,"신은경, 핸드폰 너머 이엘리야의 의도적 신음에 ‘분노 폭발’","재생수 474,498",842,185,1
20,rosi****,ㅅㅂ옷입고 목욕탕 들어가는거 ㅈㄴ웃기넼ㅋㅋㅋㅋㅋㅋㅋㅋㅋㅋㅋㅋ저거 명품일 텐데ㅋㅋㅋㅋㅋㅋㅋㅋ,5,0,"신은경, 핸드폰 너머 이엘리야의 의도적 신음에 ‘분노 폭발’","재생수 474,498",842,185,1
21,핑크에메랄드,왠지 선황제가 바람은 못폈을거 같다는 생각이 든다 태후가 황후로 있는한 감히 생각도 못했을듯,2,0,"신은경, 핸드폰 너머 이엘리야의 의도적 신음에 ‘분노 폭발’","재생수 474,498",842,185,1
22,서지안,ㅋㅋㅋㅋㅋㅋㅋㅋ,0,0,"신은경, 핸드폰 너머 이엘리야의 의도적 신음에 ‘분노 폭발’","재생수 474,498",842,185,1
23,경,ㅏ,0,0,"신은경, 핸드폰 너머 이엘리야의 의도적 신음에 ‘분노 폭발’","재생수 474,498",842,185,1
24,홍홍,이게 나라냐? 방송에서 이딴수위가 나오고 지랄이야 진짜 개좃헬조선 시발,3,5,"신은경, 핸드폰 너머 이엘리야의 의도적 신음에 ‘분노 폭발’","재생수 474,498",842,185,1
25,앵그리햄,이엘리야님 진짜 예쁘다,8,1,"신은경, 핸드폰 너머 이엘리야의 의도적 신음에 ‘분노 폭발’","재생수 474,498",842,185,1
26,doloing,오늘은 이거다,2,2,"신은경, 핸드폰 너머 이엘리야의 의도적 신음에 ‘분노 폭발’","재생수 474,498",842,185,1
27,강민주,ㅋㅋㅋㅋㅋㅋㅋㅋㅋㅋㅋㅋㅋㅋㅋㅋㅋ에쓰엠드립봐 ㅋ,6,1,"신은경, 핸드폰 너머 이엘리야의 의도적 신음에 ‘분노 폭발’","재생수 474,498",842,185,1
28,추워죽겠네,15세인데 저정도는 나와줘야지ㅋㅋ 댓글보고 졸라야한줄알았더니만 미드15세보다 못하네 청소년이야기도 아니고 나이든 성인들 이야긴데 저런거 안나오는게 이상한거아님?그냥 드라마19붙히고 방송해줘라 제발,26,5,"신은경, 핸드폰 너머 이엘리야의 의도적 신음에 ‘분노 폭발’","재생수 474,498",842,185,1
29,그리,토나와,4,6,"신은경, 핸드폰 너머 이엘리야의 의도적 신음에 ‘분노 폭발’","재생수 474,498",842,185,1
30,ykr0****,페하 소리를 몇 번 하는거지?,37,0,"신은경, 핸드폰 너머 이엘리야의 의도적 신음에 ‘분노 폭발’","재생수 474,498",842,185,1
31,별들의도시,역시 막장드라마 전문 작가는 미쳤네 수위도 높아,34,0,"신은경, 핸드폰 너머 이엘리야의 의도적 신음에 ‘분노 폭발’","재생수 474,498",842,185,1
32,cktj****,드라마 수준하고는 이런 막장드라마 진짜 질린다. 이런 막장아님 드라마 못쓰나봐요? 진짜 수준하고는,24,6,"신은경, 핸드폰 너머 이엘리야의 의도적 신음에 ‘분노 폭발’","재생수 474,498",842,185,1
33,마힐,아니 ㅅㅋㅋㅋㅋㅌㅋㅋㅋㅋㅋㅋㅋㅋㅋㅌㅌㅋㅋㅋㅋㅋ옷ㅌㅌㅋㅋㅋㅋㅋ거품목 ㅡㅌㅇㅋㅋㅇ굨ㅌㅋㅋㅋㅋ,21,0,"신은경, 핸드폰 너머 이엘리야의 의도적 신음에 ‘분노 폭발’","재생수 474,498",842,185,1
34,도도미인,미친거아니냐..이런걸 내보내다니,21,1,"신은경, 핸드폰 너머 이엘리야의 의도적 신음에 ‘분노 폭발’","재생수 474,498",842,185,1
35,깅,솔직히 왕이 가지고 노는거지.. 진심으로 사랑하면 저러겎냐..,38,3,"신은경, 핸드폰 너머 이엘리야의 의도적 신음에 ‘분노 폭발’","재생수 474,498",842,185,1
36,지은,이래서 tvn이랑 jtbc에서 밀려났구나... 너무 야하고 너무 오글거림에 연기도 조금 부자연스럽고... 옛날 공중파였음 이런거 못했을텐데... 이젠 시청률도 안나오고 그러니 이젠 아무장르 막하는구나...,61,3,"신은경, 핸드폰 너머 이엘리야의 의도적 신음에 ‘분노 폭발’","재생수 474,498",842,185,1
37,dran****,ㅋㅋㅋㅋㅋㅋㅋㅋㅋㅋㅋㅋㅋㅋㅋㅋㅋㅋㅋ미1친,21,2,"신은경, 핸드폰 너머 이엘리야의 의도적 신음에 ‘분노 폭발’","재생수 474,498",842,185,1
38,축구가짱이지,나만 이어폰 다들리나요??,7,1,"신은경, 핸드폰 너머 이엘리야의 의도적 신음에 ‘분노 폭발’","재생수 474,498",842,185,1
39,김규린,SBS 맞죠?,22,0,"신은경, 핸드폰 너머 이엘리야의 의도적 신음에 ‘분노 폭발’","재생수 474,498",842,185,1
40,Nate Park,신은경의 사생활 땜에 거북하긴 함... 초반에 너무 야함... 그래서 채널 돌렸음.,26,5,"신은경, 핸드폰 너머 이엘리야의 의도적 신음에 ‘분노 폭발’","재생수 474,498",842,185,1
41,jin,신은경이가 연기는 잘해~~,37,2,"신은경, 핸드폰 너머 이엘리야의 의도적 신음에 ‘분노 폭발’","재생수 474,498",842,185,1
42,탕인,이거보고 검색했는데 신성록이 남주가 아니라 놀랬음,60,2,"신은경, 핸드폰 너머 이엘리야의 의도적 신음에 ‘분노 폭발’","재생수 474,498",842,185,1
43,기므지웜,1화를 안봐서 그런데 뭔 드라마에요..? 현대극 같은데 말하는거는 사극같고 뭐지 뭘 만든거지 이런 장면은 왜 있는거지..,32,0,"신은경, 핸드폰 너머 이엘리야의 의도적 신음에 ‘분노 폭발’","재생수 474,498",842,185,1
44,rkdd****,쓰레기드라마 좀 내보내지마라애들이 뭐보고 배우냐.,50,6,"신은경, 핸드폰 너머 이엘리야의 의도적 신음에 ‘분노 폭발’","재생수 474,498",842,185,1
45,stella,이엘리야 법원 서기관할때 진짜 좋앗는데,93,1,"신은경, 핸드폰 너머 이엘리야의 의도적 신음에 ‘분노 폭발’","재생수 474,498",842,185,1
46,인영,저 엄마역 배우는 장보리때도 저렇게 딸한테 버림받더니ㅠㅠㅠㅠㅠㅠㅠㅠㅠㅠㅠㅠㅠㅠㅠㅠㅠ,36,0,"신은경, 핸드폰 너머 이엘리야의 의도적 신음에 ‘분노 폭발’","재생수 474,498",842,185,1
47,dlawlals,미친ㅋㅋㅋ목욕탕 심했닼ㅋㅋㅋㅋㅋㅋㅋ,34,2,"신은경, 핸드폰 너머 이엘리야의 의도적 신음에 ‘분노 폭발’","재생수 474,498",842,185,1
48,새얀,볼때마다 이태임 생각나네,87,0,"신은경, 핸드폰 너머 이엘리야의 의도적 신음에 ‘분노 폭발’","재생수 474,498",842,185,1
49,love****,개꿀잼ㅋㅋㅋㅋㅋ스트레스풀린닼ㅋㅋ,18,0,"신은경, 핸드폰 너머 이엘리야의 의도적 신음에 ‘분노 폭발’","재생수 474,498",842,185,1
50,Nna,이엘리야가 어머니 죽임..ㅠ 아무리 그래도 엄마를 ...ㅠ,24,0,"신은경, 핸드폰 너머 이엘리야의 의도적 신음에 ‘분노 폭발’","재생수 474,498",842,185,1
51,htm9****,아뭔데 왜영상지움,24,0,"신은경, 핸드폰 너머 이엘리야의 의도적 신음에 ‘분노 폭발’","재생수 474,498",842,185,1
52,플로우,앞 영상이랑 같은데..?,40,1,"신은경, 핸드폰 너머 이엘리야의 의도적 신음에 ‘분노 폭발’","재생수 474,498",842,185,1
53,0511,이거보고 채널 돌림,13,3,"신은경, 핸드폰 너머 이엘리야의 의도적 신음에 ‘분노 폭발’","재생수 474,498",842,185,1
54,에밀리,언니가 살아있다 작가라 이렇구나 무섭,20,0,"신은경, 핸드폰 너머 이엘리야의 의도적 신음에 ‘분노 폭발’","재생수 474,498",842,185,1
55,Y,엄마랑 같이 봤는데 진짜 민망해 죽을 뻔;,25,0,"신은경, 핸드폰 너머 이엘리야의 의도적 신음에 ‘분노 폭발’","재생수 474,498",842,185,1
56,푸른하늘,연기력 좋은 배우들 섭외해두곤 왜..이런 드라마를,22,0,"신은경, 핸드폰 너머 이엘리야의 의도적 신음에 ‘분노 폭발’","재생수 474,498",842,185,1
57,사랑합시다,그래서 신음은 몇초죠,12,2,"신은경, 핸드폰 너머 이엘리야의 의도적 신음에 ‘분노 폭발’","재생수 474,498",842,185,1
58,사랑합시다,이엘리야 사랑♡,7,0,"신은경, 핸드폰 너머 이엘리야의 의도적 신음에 ‘분노 폭발’","재생수 474,498",842,185,1
59,사랑합시다,아 이엘 ㅈㄴ 이쁘다,19,1,"신은경, 핸드폰 너머 이엘리야의 의도적 신음에 ‘분노 폭발’","재생수 474,498",842,185,1
60,은봉희,왜 영상 바꼈지..,49,0,"신은경, 핸드폰 너머 이엘리야의 의도적 신음에 ‘분노 폭발’","재생수 474,498",842,185,1
61,knk8****,엘리야 넘나 섹시하네,24,3,"신은경, 핸드폰 너머 이엘리야의 의도적 신음에 ‘분노 폭발’","재생수 474,498",842,185,1
62,홍홍,뭐야~앞영상16과 똑같은 영상이잖아! 낚였다,60,0,"신은경, 핸드폰 너머 이엘리야의 의도적 신음에 ‘분노 폭발’","재생수 474,498",842,185,1
63,소보루빵,미스함무라비에서 속기사역할 나올때 좋앗는데ㅠ,40,1,"신은경, 핸드폰 너머 이엘리야의 의도적 신음에 ‘분노 폭발’","재생수 474,498",842,185,1
64,키위베리,공중파 클라스.,15,0,"신은경, 핸드폰 너머 이엘리야의 의도적 신음에 ‘분노 폭발’","재생수 474,498",842,185,1
65,좋아,존잼 ㅋㅋ,9,1,"신은경, 핸드폰 너머 이엘리야의 의도적 신음에 ‘분노 폭발’","재생수 474,498",842,185,1
66,hhsv****,신은경?애는보나??,10,3,"신은경, 핸드폰 너머 이엘리야의 의도적 신음에 ‘분노 폭발’","재생수 474,498",842,185,1
67,통통마미,아들 빨리 자라고 막 소리 질렀음 ㅜㅜ 선정적이라,16,0,"신은경, 핸드폰 너머 이엘리야의 의도적 신음에 ‘분노 폭발’","재생수 474,498",842,185,1
68,leki****,헐 방통위 뭐하냐 일 안하냐,9,5,"신은경, 핸드폰 너머 이엘리야의 의도적 신음에 ‘분노 폭발’","재생수 474,498",842,185,1
69,kimbo0808,최진혁오직최배우보기위해기다립니다~~~!!!ㅎㅎㅎ;;;,11,5,"신은경, 핸드폰 너머 이엘리야의 의도적 신음에 ‘분노 폭발’","재생수 474,498",842,185,1
70,사랑행복,정녕 이드라마가 재미나나?,13,2,"신은경, 핸드폰 너머 이엘리야의 의도적 신음에 ‘분노 폭발’","재생수 474,498",842,185,1
71,rkfk****,신은경을 쓰네 미친 공중파 저러니 처 욕먹지,13,2,"신은경, 핸드폰 너머 이엘리야의 의도적 신음에 ‘분노 폭발’","재생수 474,498",842,185,1
72,rkfk****,신은경 차암나 4년동안 27억쓴년 나오네,15,2,"신은경, 핸드폰 너머 이엘리야의 의도적 신음에 ‘분노 폭발’","재생수 474,498",842,185,1
73,김수현,삼촌이랑 보다가 저게 15세맞냐고 몇번이나 질문받았다. 무슨 드라마가 .. 거기다 머리에 총맞고 물에 빠졌는데 완벽해져서 나타남? 목조르다가 책임질여자라니 진짜 별..ㅡㅡ,22,3,"신은경, 핸드폰 너머 이엘리야의 의도적 신음에 ‘분노 폭발’","재생수 474,498",842,185,1
74,zosh****,허글 공중파에서 이런걸? 시청률에 다 내놓는구나 아예 나체로 뒹굴지 그러셨나? 한심허다,8,3,"신은경, 핸드폰 너머 이엘리야의 의도적 신음에 ‘분노 폭발’","재생수 474,498",842,185,1
75,babyblue79,제목이랑 영상이랑 관련성이 1도 없는데??,36,0,"신은경, 핸드폰 너머 이엘리야의 의도적 신음에 ‘분노 폭발’","재생수 474,498",842,185,1
76,해피루,어디가?,4,0,"신은경, 핸드폰 너머 이엘리야의 의도적 신음에 ‘분노 폭발’","재생수 474,498",842,185,1
77,Anwer,엥 다른거 나오는디요,35,1,"신은경, 핸드폰 너머 이엘리야의 의도적 신음에 ‘분노 폭발’","재생수 474,498",842,185,1
78,seoc****,난 왜 안보이지,27,0,"신은경, 핸드폰 너머 이엘리야의 의도적 신음에 ‘분노 폭발’","재생수 474,498",842,185,1
79,하늘을달리는말,짤린듯?,29,0,"신은경, 핸드폰 너머 이엘리야의 의도적 신음에 ‘분노 폭발’","재생수 474,498",842,185,1
80,몸자,여기 관리자 채널 관리 잘 좀 해주세요...,8,0,"신은경, 핸드폰 너머 이엘리야의 의도적 신음에 ‘분노 폭발’","재생수 474,498",842,185,1
81,서진,뭐야 저만 전영상이랑 똑같이 보여요?,30,0,"신은경, 핸드폰 너머 이엘리야의 의도적 신음에 ‘분노 폭발’","재생수 474,498",842,185,1
82,세똥이,아직도 전영상 보이는거 저만 그런가요?,32,0,"신은경, 핸드폰 너머 이엘리야의 의도적 신음에 ‘분노 폭발’","재생수 474,498",842,185,1
83,gree****,욕하면서도 다들 보는ㅋㅋㅋ 졸잼.,13,3,"신은경, 핸드폰 너머 이엘리야의 의도적 신음에 ‘분노 폭발’","재생수 474,498",842,185,1
84,ChoiAhIn,민망했다,6,1,"신은경, 핸드폰 너머 이엘리야의 의도적 신음에 ‘분노 폭발’","재생수 474,498",842,185,1
85,김동령,저는딴장면보이는대여,53,0,"신은경, 핸드폰 너머 이엘리야의 의도적 신음에 ‘분노 폭발’","재생수 474,498",842,185,1
86,kiki****,앗 ㅁㅊ 다른영상이잖어 훼이크 지리네 이런,37,0,"신은경, 핸드폰 너머 이엘리야의 의도적 신음에 ‘분노 폭발’","재생수 474,498",842,185,1
87,fyvb,욕밖에 안나온다 아 ㅅㅂ 우리들을 얼마나 우습게 보면 아 열받아 작가 연출진 진짜 어후 아아아,5,3,"신은경, 핸드폰 너머 이엘리야의 의도적 신음에 ‘분노 폭발’","재생수 474,498",842,185,1
88,down****,와 저런 폐륜적인 신은경을 쓰는 작가와 피디는 몰까?,1,2,"신은경, 핸드폰 너머 이엘리야의 의도적 신음에 ‘분노 폭발’","재생수 474,498",842,185,1
89,Minjung12,아니 왜 뒤에 부분이 잘린거죠? ㅜㅜ,7,0,"신은경, 핸드폰 너머 이엘리야의 의도적 신음에 ‘분노 폭발’","재생수 474,498",842,185,1
90,꽃현,엥 왜 전꺼하고 같은게 나오지,25,0,"신은경, 핸드폰 너머 이엘리야의 의도적 신음에 ‘분노 폭발’","재생수 474,498",842,185,1
91,wjdg****,저만 전 영상이랑 같은게 나오나요,39,0,"신은경, 핸드폰 너머 이엘리야의 의도적 신음에 ‘분노 폭발’","재생수 474,498",842,185,1
92,juingong,군산 지역 앞바다에 유전이 있다고합니다! 유전개발하여 군산경제 살려요 청원중입니다. 한표 부탁드려요! 한번의 관심과 한표가 국가발전에도 큰 도움됩니다. 청와대 청원 링크입니다.https://www1.president.go.kr/petitions/440015,1,1,"신은경, 핸드폰 너머 이엘리야의 의도적 신음에 ‘분노 폭발’","재생수 474,498",842,185,1
93,깅,음.... 보면서 그리 기분좋진 않음.. 흑흑 ㅠㅠ,1,0,"신은경, 핸드폰 너머 이엘리야의 의도적 신음에 ‘분노 폭발’","재생수 474,498",842,185,1
94,정지수,분위기는 참 좋은데 신성록도 좋은데 스토리가 무슨 갑자기 너무하잖아,4,0,"신은경, 핸드폰 너머 이엘리야의 의도적 신음에 ‘분노 폭발’","재생수 474,498",842,185,1
95,뚜던이,개웃긴데ㅋㅋㅋㅋㅋ,1,0,"신은경, 핸드폰 너머 이엘리야의 의도적 신음에 ‘분노 폭발’","재생수 474,498",842,185,1
96,아리하,2018년 드라마라니...구리다,8,3,"신은경, 핸드폰 너머 이엘리야의 의도적 신음에 ‘분노 폭발’","재생수 474,498",842,185,1
97,노적봉도사,신은경 나오네 헐,1,1,"신은경, 핸드폰 너머 이엘리야의 의도적 신음에 ‘분노 폭발’","재생수 474,498",842,185,1
98,진이,주동민은 꼭 저런 선정적인 장면을 넣더라........ ㅁㅊ 별로 필요하지도 않은 장면 같고 굳이 저렇게 연출 안해도 됐을텐데 김순옥 작가가 원래 막장 드라마 쓰긴 하지만 이따위 저질 장면을 넣은건 피디 영향이 크지 우웩,14,4,"신은경, 핸드폰 너머 이엘리야의 의도적 신음에 ‘분노 폭발’","재생수 474,498",842,185,1
99,최창영,가만봐도 망삘 자세히 봐도 망삘,6,5,"신은경, 핸드폰 너머 이엘리야의 의도적 신음에 ‘분노 폭발’","재생수 474,498",842,185,1
100,하늘과꿈,신은경 오랜만에 나오셔서 좋아요,8,6,"신은경, 핸드폰 너머 이엘리야의 의도적 신음에 ‘분노 폭발’","재생수 474,498",842,185,1
101,craz****,지금은 회사니 퇴근해서 봐야지.,4,0,"신은경, 핸드폰 너머 이엘리야의 의도적 신음에 ‘분노 폭발’","재생수 474,498",842,185,1
102,firs****,혹시 최진혁이 살뺀 뚱땡이?,4,2,"신은경, 핸드폰 너머 이엘리야의 의도적 신음에 ‘분노 폭발’","재생수 474,498",842,185,1
103,로뎀,구성도 엉성하고 스토리 전개도 진부하고 무슨 드라마가 꽁트야. 출연자도 짜증나겠다.,6,2,"신은경, 핸드폰 너머 이엘리야의 의도적 신음에 ‘분노 폭발’","재생수 474,498",842,185,1
104,루꼴라,신성록 물에빠진머리스탈 엽기적이고 퇴폐적이고,3,1,"신은경, 핸드폰 너머 이엘리야의 의도적 신음에 ‘분노 폭발’","재생수 474,498",842,185,1
105,마맹,젖었겠는데..,7,0,"신은경, 핸드폰 너머 이엘리야의 의도적 신음에 ‘분노 폭발’","재생수 474,498",842,185,1
106,znek****,드라마19금인가요?,9,0,"신은경, 핸드폰 너머 이엘리야의 의도적 신음에 ‘분노 폭발’","재생수 474,498",842,185,1
107,fati****,신은경...,3,0,"신은경, 핸드폰 너머 이엘리야의 의도적 신음에 ‘분노 폭발’","재생수 474,498",842,185,1
108,민준아빠,흠... 어제본 장면 이군요.이엘리야씨 너무잘참던데요...전 간지러워서 못참겠던데... ㅎ좋은 연기 기대할게요,12,0,"신은경, 핸드폰 너머 이엘리야의 의도적 신음에 ‘분노 폭발’","재생수 474,498",842,185,1
109,사과나무,신은경이 나온다고? 미쳤.네,9,4,"신은경, 핸드폰 너머 이엘리야의 의도적 신음에 ‘분노 폭발’","재생수 474,498",842,185,1
110,오민환,잼없다,3,4,"신은경, 핸드폰 너머 이엘리야의 의도적 신음에 ‘분노 폭발’","재생수 474,498",842,185,1
111,hhhh,"이엘리야 목빨간거봐 ,,, 개야해",10,0,"신은경, 핸드폰 너머 이엘리야의 의도적 신음에 ‘분노 폭발’","재생수 474,498",842,185,1
112,내일해,미친 ㅋㅋ 목에 키스하는거 가까이도 잡네 ㅋㅋㅋㅋ,15,1,"신은경, 핸드폰 너머 이엘리야의 의도적 신음에 ‘분노 폭발’","재생수 474,498",842,185,1
113,reachel,난 이거 재밌던디,9,2,"신은경, 핸드폰 너머 이엘리야의 의도적 신음에 ‘분노 폭발’","재생수 474,498",842,185,1
114,김꼬냥,이런게 놀라운게 아니라.. 신은경 다시 드라마를 찍고 있다는게 놀라운듯...,36,3,"신은경, 핸드폰 너머 이엘리야의 의도적 신음에 ‘분노 폭발’","재생수 474,498",842,185,1
115,심슨,신은경 나오자 마자 다른채널 돌려버림!!!!,10,4,"신은경, 핸드폰 너머 이엘리야의 의도적 신음에 ‘분노 폭발’","재생수 474,498",842,185,1
116,프랑켄슈타인,이드라마 볼려고했는데 신은경 나오더라 그래서 안본다 ㅎㅎ 피디도 대단하네 섭외할생각을 다하고 ㅎㅎ 기획사에서 짤리지않앗나 다른기획사 들어간거?,21,2,"신은경, 핸드폰 너머 이엘리야의 의도적 신음에 ‘분노 폭발’","재생수 474,498",842,185,1
117,접니다,아무리  봐도  넘  살뺐어.  해골같아,6,4,"신은경, 핸드폰 너머 이엘리야의 의도적 신음에 ‘분노 폭발’","재생수 474,498",842,185,1
118,쵸,이 허언증 환자 기어나왔네?,11,0,"신은경, 핸드폰 너머 이엘리야의 의도적 신음에 ‘분노 폭발’","재생수 474,498",842,185,1
119,존 실버,약간 철구닮은듯,3,3,"신은경, 핸드폰 너머 이엘리야의 의도적 신음에 ‘분노 폭발’","재생수 474,498",842,185,1
120,jabb****,이엘리야 되게 섹시하네,18,2,"신은경, 핸드폰 너머 이엘리야의 의도적 신음에 ‘분노 폭발’","재생수 474,498",842,185,1
121,하나,제목만 고급지네''내용은 허술하고포장은 명품처럼 해놓고 열어보니 똥이네막장의 품격,17,2,"신은경, 핸드폰 너머 이엘리야의 의도적 신음에 ‘분노 폭발’","재생수 474,498",842,185,1
122,원할머니보살,수위좀더 쎄게 해주세요,6,12,"신은경, 핸드폰 너머 이엘리야의 의도적 신음에 ‘분노 폭발’","재생수 474,498",842,185,1
123,뭐래,잘못본줄 신은경도 돈문제있지않나..어찌나오냐,9,2,"신은경, 핸드폰 너머 이엘리야의 의도적 신음에 ‘분노 폭발’","재생수 474,498",842,185,1
124,jardin,개막장이네ㅋㅋㅋㅋㅋㅋㅋㅋㅋㅋㅋ,12,2,"신은경, 핸드폰 너머 이엘리야의 의도적 신음에 ‘분노 폭발’","재생수 474,498",842,185,1
125,마구니,자식 버린 마녀 신은경이 드라마에 또 나오네.어이없다.ㅠ,14,4,"신은경, 핸드폰 너머 이엘리야의 의도적 신음에 ‘분노 폭발’","재생수 474,498",842,185,1
126,꿈엔들잊힐리야,폐하?ㅋㅋㅋㅋㅋㅋㅋㅋㅋㅋ 뭐야 2018 궁이야?,23,4,"신은경, 핸드폰 너머 이엘리야의 의도적 신음에 ‘분노 폭발’","재생수 474,498",842,185,1
127,김현숙,이런 드라마도 있어나?,2,1,"신은경, 핸드폰 너머 이엘리야의 의도적 신음에 ‘분노 폭발’","재생수 474,498",842,185,1
128,헌터78공윤대니,근디 신은경은 왜나오는거에요?,7,3,"신은경, 핸드폰 너머 이엘리야의 의도적 신음에 ‘분노 폭발’","재생수 474,498",842,185,1
129,제이별이,느끼한데,11,4,"신은경, 핸드폰 너머 이엘리야의 의도적 신음에 ‘분노 폭발’","재생수 474,498",842,185,1
130,이종화,너무처음부터 잔인함,6,0,"신은경, 핸드폰 너머 이엘리야의 의도적 신음에 ‘분노 폭발’","재생수 474,498",842,185,1
131,차수정,너무야해서 깜짝이야,11,1,"신은경, 핸드폰 너머 이엘리야의 의도적 신음에 ‘분노 폭발’","재생수 474,498",842,185,1
132,eunmi,ㅋㅋㅋ. 드라마초반부터  막장에...어이가없네,4,2,"신은경, 핸드폰 너머 이엘리야의 의도적 신음에 ‘분노 폭발’","재생수 474,498",842,185,1
133,배나경,폐하 ㅋㅋㅋ,2,2,"신은경, 핸드폰 너머 이엘리야의 의도적 신음에 ‘분노 폭발’","재생수 474,498",842,185,1
134,000,연출진짜 어이없네ㅋㅋㅋㅋㅋ,8,2,"신은경, 핸드폰 너머 이엘리야의 의도적 신음에 ‘분노 폭발’","재생수 474,498",842,185,1
135,wood****,신은경이 여기 왜 나오냐...,10,3,"신은경, 핸드폰 너머 이엘리야의 의도적 신음에 ‘분노 폭발’","재생수 474,498",842,185,1
136,시크인생,채널 몇번을 돌렸다 자극적인 장면이 많음 그래서 안 볼려구요,4,3,"신은경, 핸드폰 너머 이엘리야의 의도적 신음에 ‘분노 폭발’","재생수 474,498",842,185,1
137,브끄브끄,퇴폐적...,12,0,"신은경, 핸드폰 너머 이엘리야의 의도적 신음에 ‘분노 폭발’","재생수 474,498",842,185,1
138,네꼬,머야 신은경 방송금지 아냐?,15,1,"신은경, 핸드폰 너머 이엘리야의 의도적 신음에 ‘분노 폭발’","재생수 474,498",842,185,1
139,둘리쩡이,민망하더라..저런게..방송에 나와도됨?했음,11,1,"신은경, 핸드폰 너머 이엘리야의 의도적 신음에 ‘분노 폭발’","재생수 474,498",842,185,1
140,jabb****,이엘리야 되게 섹시하네,18,2,"신은경, 핸드폰 너머 이엘리야의 의도적 신음에 ‘분노 폭발’","재생수 474,498",842,185,1
141,하나,제목만 고급지네''내용은 허술하고포장은 명품처럼 해놓고 열어보니 똥이네막장의 품격,17,2,"신은경, 핸드폰 너머 이엘리야의 의도적 신음에 ‘분노 폭발’","재생수 474,498",842,185,1
142,원할머니보살,수위좀더 쎄게 해주세요,6,12,"신은경, 핸드폰 너머 이엘리야의 의도적 신음에 ‘분노 폭발’","재생수 474,498",842,185,1
143,뭐래,잘못본줄 신은경도 돈문제있지않나..어찌나오냐,9,2,"신은경, 핸드폰 너머 이엘리야의 의도적 신음에 ‘분노 폭발’","재생수 474,498",842,185,1
144,jardin,개막장이네ㅋㅋㅋㅋㅋㅋㅋㅋㅋㅋㅋ,12,2,"신은경, 핸드폰 너머 이엘리야의 의도적 신음에 ‘분노 폭발’","재생수 474,498",842,185,1
145,마구니,자식 버린 마녀 신은경이 드라마에 또 나오네.어이없다.ㅠ,14,4,"신은경, 핸드폰 너머 이엘리야의 의도적 신음에 ‘분노 폭발’","재생수 474,498",842,185,1
146,꿈엔들잊힐리야,폐하?ㅋㅋㅋㅋㅋㅋㅋㅋㅋㅋ 뭐야 2018 궁이야?,23,4,"신은경, 핸드폰 너머 이엘리야의 의도적 신음에 ‘분노 폭발’","재생수 474,498",842,185,1
147,김현숙,이런 드라마도 있어나?,2,1,"신은경, 핸드폰 너머 이엘리야의 의도적 신음에 ‘분노 폭발’","재생수 474,498",842,185,1
148,헌터78공윤대니,근디 신은경은 왜나오는거에요?,7,3,"신은경, 핸드폰 너머 이엘리야의 의도적 신음에 ‘분노 폭발’","재생수 474,498",842,185,1
149,제이별이,느끼한데,11,4,"신은경, 핸드폰 너머 이엘리야의 의도적 신음에 ‘분노 폭발’","재생수 474,498",842,185,1
150,이종화,너무처음부터 잔인함,6,0,"신은경, 핸드폰 너머 이엘리야의 의도적 신음에 ‘분노 폭발’","재생수 474,498",842,185,1
151,차수정,너무야해서 깜짝이야,11,1,"신은경, 핸드폰 너머 이엘리야의 의도적 신음에 ‘분노 폭발’","재생수 474,498",842,185,1
152,eunmi,ㅋㅋㅋ. 드라마초반부터  막장에...어이가없네,4,2,"신은경, 핸드폰 너머 이엘리야의 의도적 신음에 ‘분노 폭발’","재생수 474,498",842,185,1
153,배나경,폐하 ㅋㅋㅋ,2,2,"신은경, 핸드폰 너머 이엘리야의 의도적 신음에 ‘분노 폭발’","재생수 474,498",842,185,1
154,000,연출진짜 어이없네ㅋㅋㅋㅋㅋ,8,2,"신은경, 핸드폰 너머 이엘리야의 의도적 신음에 ‘분노 폭발’","재생수 474,498",842,185,1
155,wood****,신은경이 여기 왜 나오냐...,10,3,"신은경, 핸드폰 너머 이엘리야의 의도적 신음에 ‘분노 폭발’","재생수 474,498",842,185,1
156,시크인생,채널 몇번을 돌렸다 자극적인 장면이 많음 그래서 안 볼려구요,4,3,"신은경, 핸드폰 너머 이엘리야의 의도적 신음에 ‘분노 폭발’","재생수 474,498",842,185,1
157,브끄브끄,퇴폐적...,12,0,"신은경, 핸드폰 너머 이엘리야의 의도적 신음에 ‘분노 폭발’","재생수 474,498",842,185,1
158,네꼬,머야 신은경 방송금지 아냐?,15,1,"신은경, 핸드폰 너머 이엘리야의 의도적 신음에 ‘분노 폭발’","재생수 474,498",842,185,1
159,둘리쩡이,민망하더라..저런게..방송에 나와도됨?했음,11,1,"신은경, 핸드폰 너머 이엘리야의 의도적 신음에 ‘분노 폭발’","재생수 474,498",842,185,1
160,매홀리,아주 ㅅㅂ 야동을 내보내라,18,2,"신은경, 핸드폰 너머 이엘리야의 의도적 신음에 ‘분노 폭발’","재생수 474,498",842,185,1
161,db16,"임성한 작가는 ""쓰면서도 '이건 아니지, 너무 심하지..' 했지만 만에 하나 상대 드라마가 마지막 회 프리미엄을 얻어 0.1프로라도 우리 드라마를 앞서면 그 드라마는 결국 우리 드라마를 이기고 끝난 게 되기 때문에 그동안의 내 고생과 노력이 수포로 돌아갈 수밖에 없어, 눈물을 머금고 에피소드를 동원했다""고 밝혔다. 임 작가는 자신의 이같은 행동을 '악행'이라 표현하기도 했다. ㅡㅡㅡㅡㅡㅡㅡㅡ김순옥도?  임성한 드작 은퇴하고 털어놓는이야기 시청률위해 독약 풀라고 방송국에서 전화오면 사람죽이고 사고내고 ㅋㅋ 시청률이 진정 다냐?",2,3,"신은경, 핸드폰 너머 이엘리야의 의도적 신음에 ‘분노 폭발’","재생수 474,498",842,185,1
162,체리파이,아 진짜 개오글거리고 진부하고... 이런 씬좀 넣지 마쇼,639,27,"신은경, 핸드폰 너머 이엘리야의 의도적 신음에 ‘분노 폭발’","재생수 474,498",842,185,1
163,Dorothy of Oz,보는 청소년들도 있고 뭐하는 거야 ㅡ.ㅡ,14,0,"신은경, 핸드폰 너머 이엘리야의 의도적 신음에 ‘분노 폭발’","재생수 474,498",842,185,1
164,별하,아니 목조르다가 급좋아하냐,339,9,"신은경, 핸드폰 너머 이엘리야의 의도적 신음에 ‘분노 폭발’","재생수 474,498",842,185,1
165,peach,소리가 잘 안들리는건 개선해주세요,4,0,"신은경, 핸드폰 너머 이엘리야의 의도적 신음에 ‘분노 폭발’","재생수 474,498",842,185,1
166,공백은 공백,sbs 괜찮나?,2,1,"신은경, 핸드폰 너머 이엘리야의 의도적 신음에 ‘분노 폭발’","재생수 474,498",842,185,1
167,임정섭,2화는 소리가 안나와서 못봤어요.,2,0,"신은경, 핸드폰 너머 이엘리야의 의도적 신음에 ‘분노 폭발’","재생수 474,498",842,185,1
168,호잇호잇A,근데 인간적으로 이엘리야 너무 예쁘다... 이 드라마 좀 뜨면 새로운 악녀로 이름 날릴듯,23,7,"신은경, 핸드폰 너머 이엘리야의 의도적 신음에 ‘분노 폭발’","재생수 474,498",842,185,1
169,꽃길만 걷자 세정아,별거 아니구만,3,0,"신은경, 핸드폰 너머 이엘리야의 의도적 신음에 ‘분노 폭발’","재생수 474,498",842,185,1
170,몸자,이어폰 끼고 듣는데 나만 한 쪽만 들리나?,298,14,"신은경, 핸드폰 너머 이엘리야의 의도적 신음에 ‘분노 폭발’","재생수 474,498",842,185,1
171,장훈석,ㅋㅋㅋ아빠랑보신분 쫌 진짜어색했겠다 ㅋㅋ난 이해하지롱 예전 다른드라마보다  아빠랑 와~~~시간이빨리 1초가60분인줄 ㅋㅋ 그래도 잼있다 황후,10,3,"신은경, 핸드폰 너머 이엘리야의 의도적 신음에 ‘분노 폭발’","재생수 474,498",842,185,1
172,쩡이앙마님,ㅋㅋ 버퍼링 장난아님..접속자가 몇명인거야?,3,2,"신은경, 핸드폰 너머 이엘리야의 의도적 신음에 ‘분노 폭발’","재생수 474,498",842,185,1
173,베르사체,아빠랑 보다가...,955,14,"신은경, 핸드폰 너머 이엘리야의 의도적 신음에 ‘분노 폭발’","재생수 474,498",842,185,1
174,cage****,이엘리야 눈빛 장난아니다,14,7,"신은경, 핸드폰 너머 이엘리야의 의도적 신음에 ‘분노 폭발’","재생수 474,498",842,185,1
175,시연,이거찍고 컷하고나서 이엘리야랑 신성록 되게 어색했을듯ㅋㅋㅋㅋ,1462,25,"신은경, 핸드폰 너머 이엘리야의 의도적 신음에 ‘분노 폭발’","재생수 474,498",842,185,1
176,다룬레인,요새 드라마 왜이렇게 자극적이냐... 이젠 진짜 이런것 좀 그만보고 싶네....ㅠ,1369,87,"신은경, 핸드폰 너머 이엘리야의 의도적 신음에 ‘분노 폭발’","재생수 474,498",842,185,1
177,파란하늘,신은경 휴대폰 던진거 ㅋㅋㅋㅋ,390,8,"신은경, 핸드폰 너머 이엘리야의 의도적 신음에 ‘분노 폭발’","재생수 474,498",842,185,1
178,김예진,와......우,201,5,"신은경, 핸드폰 너머 이엘리야의 의도적 신음에 ‘분노 폭발’","재생수 474,498",842,185,1
179,bmwi,뭔데 웃기지 ㅋㅋㅋ,421,14,"신은경, 핸드폰 너머 이엘리야의 의도적 신음에 ‘분노 폭발’","재생수 474,498",842,185,1
180,윙,와,4,1,"신은경, 핸드폰 너머 이엘리야의 의도적 신음에 ‘분노 폭발’","재생수 474,498",842,185,1
181,슝,아니 왜 이런 역할로만 나오냐,697,25,"신은경, 핸드폰 너머 이엘리야의 의도적 신음에 ‘분노 폭발’","재생수 474,498",842,185,1
182,hbh9****,분위기 깜놀 ㅋㅋㅋㅋ,234,11,"신은경, 핸드폰 너머 이엘리야의 의도적 신음에 ‘분노 폭발’","재생수 474,498",842,185,1
183,vldk****,그래서..오늘 최진혁은 안나오는거잖아 ..낼은~~~~??,437,30,"신은경, 핸드폰 너머 이엘리야의 의도적 신음에 ‘분노 폭발’","재생수 474,498",842,185,1
184,이응,아닠ㅋㅋㅋㅋㅋㅋㅋㅋ방심하고보다가 남사스러웠ㅋㅋㅋㅋ,950,14,"신은경, 핸드폰 너머 이엘리야의 의도적 신음에 ‘분노 폭발’","재생수 474,498",842,185,1
185,brandon,어우야,218,6,"신은경, 핸드폰 너머 이엘리야의 의도적 신음에 ‘분노 폭발’","재생수 474,498",842,185,1
186,지수빈,SBS에서ㅋㅋㅋㅋㅋㅋㅋㅋㅋㅋ내보냈다니ㅋㅋㅋㅋ,1536,22,"신은경, 핸드폰 너머 이엘리야의 의도적 신음에 ‘분노 폭발’","재생수 474,498",842,185,1
187,7899901,오우야 오우야,12,5,"신은경, 핸드폰 너머 이엘리야의 의도적 신음에 ‘분노 폭발’","재생수 474,498",842,185,1
188,윙,와,4,1,"신은경, 핸드폰 너머 이엘리야의 의도적 신음에 ‘분노 폭발’","재생수 474,498",842,185,1
189,슝,아니 왜 이런 역할로만 나오냐,697,25,"신은경, 핸드폰 너머 이엘리야의 의도적 신음에 ‘분노 폭발’","재생수 474,498",842,185,1
190,hbh9****,분위기 깜놀 ㅋㅋㅋㅋ,234,11,"신은경, 핸드폰 너머 이엘리야의 의도적 신음에 ‘분노 폭발’","재생수 474,498",842,185,1
191,vldk****,그래서..오늘 최진혁은 안나오는거잖아 ..낼은~~~~??,437,30,"신은경, 핸드폰 너머 이엘리야의 의도적 신음에 ‘분노 폭발’","재생수 474,498",842,185,1
192,이응,아닠ㅋㅋㅋㅋㅋㅋㅋㅋ방심하고보다가 남사스러웠ㅋㅋㅋㅋ,950,14,"신은경, 핸드폰 너머 이엘리야의 의도적 신음에 ‘분노 폭발’","재생수 474,498",842,185,1
193,brandon,어우야,218,6,"신은경, 핸드폰 너머 이엘리야의 의도적 신음에 ‘분노 폭발’","재생수 474,498",842,185,1
194,지수빈,SBS에서ㅋㅋㅋㅋㅋㅋㅋㅋㅋㅋ내보냈다니ㅋㅋㅋㅋ,1536,22,"신은경, 핸드폰 너머 이엘리야의 의도적 신음에 ‘분노 폭발’","재생수 474,498",842,185,1
195,7899901,오우야 오우야,12,5,"신은경, 핸드폰 너머 이엘리야의 의도적 신음에 ‘분노 폭발’","재생수 474,498",842,185,1
196,윙,와,4,1,"신은경, 핸드폰 너머 이엘리야의 의도적 신음에 ‘분노 폭발’","재생수 474,498",842,185,1
197,슝,아니 왜 이런 역할로만 나오냐,697,25,"신은경, 핸드폰 너머 이엘리야의 의도적 신음에 ‘분노 폭발’","재생수 474,498",842,185,1
198,hbh9****,분위기 깜놀 ㅋㅋㅋㅋ,234,11,"신은경, 핸드폰 너머 이엘리야의 의도적 신음에 ‘분노 폭발’","재생수 474,498",842,185,1
199,vldk****,그래서..오늘 최진혁은 안나오는거잖아 ..낼은~~~~??,437,30,"신은경, 핸드폰 너머 이엘리야의 의도적 신음에 ‘분노 폭발’","재생수 474,498",842,185,1
200,이응,아닠ㅋㅋㅋㅋㅋㅋㅋㅋ방심하고보다가 남사스러웠ㅋㅋㅋㅋ,950,14,"신은경, 핸드폰 너머 이엘리야의 의도적 신음에 ‘분노 폭발’","재생수 474,498",842,185,1
201,brandon,어우야,218,6,"신은경, 핸드폰 너머 이엘리야의 의도적 신음에 ‘분노 폭발’","재생수 474,498",842,185,1
202,지수빈,SBS에서ㅋㅋㅋㅋㅋㅋㅋㅋㅋㅋ내보냈다니ㅋㅋㅋㅋ,1536,22,"신은경, 핸드폰 너머 이엘리야의 의도적 신음에 ‘분노 폭발’","재생수 474,498",842,185,1
203,7899901,오우야 오우야,12,5,"신은경, 핸드폰 너머 이엘리야의 의도적 신음에 ‘분노 폭발’","재생수 474,498",842,185,1
204,파란하늘,황제 용포 박제 합시다 섹시하다♥,23,0,"신은경, 황실 테러 관련 사고 추궁하는 신성록에 ‘동공 확장’","재생수 81,222",218,13,1
205,지은,와 황제 멋있다 ㅎㅎㅎ,59,0,"신은경, 황실 테러 관련 사고 추궁하는 신성록에 ‘동공 확장’","재생수 81,222",218,13,1
206,예술,아들이 엄마보다 주름이 많네,4,12,"신은경, 황실 테러 관련 사고 추궁하는 신성록에 ‘동공 확장’","재생수 81,222",218,13,1
207,방,남주 신성록이면 좋겠다...,113,5,"신은경, 황실 테러 관련 사고 추궁하는 신성록에 ‘동공 확장’","재생수 81,222",218,13,1
208,425632,섹시해 ㅠㅠㅠㅠ와씨 신성록,122,1,"신은경, 황실 테러 관련 사고 추궁하는 신성록에 ‘동공 확장’","재생수 81,222",218,13,1
209,peach,황제 섹시하다 용포입은거 존멋,180,2,"신은경, 황실 테러 관련 사고 추궁하는 신성록에 ‘동공 확장’","재생수 81,222",218,13,1
210,별하,무슨 엄마가 아들한테 꾸벅 인사하고가냐 헐 호칭도 페하가 아니라 황상이지 아무리 왕이라도 아들인데,210,5,"신은경, 황실 테러 관련 사고 추궁하는 신성록에 ‘동공 확장’","재생수 81,222",218,13,1
211,감귤,신성록 졸라 잘생김 용포 박제하자 그리고 신성록 캐릭터 황제 불쌍함,271,4,"신은경, 황실 테러 관련 사고 추궁하는 신성록에 ‘동공 확장’","재생수 81,222",218,13,1
212,imga****,신성록 인생캐 만난듯~,179,4,"신은경, 황실 테러 관련 사고 추궁하는 신성록에 ‘동공 확장’","재생수 81,222",218,13,1
213,fjlksjlacjlkd,딱 보니까 신성록 원래 착한캐릭인데 아내 죽어가지고 저렇게 된거 ㅇㅇ 좀 지나면 엄마랑 싸우고 장나라한테 반하겟지 하지만 남주는 최진혁,427,25,"신은경, 황실 테러 관련 사고 추궁하는 신성록에 ‘동공 확장’","재생수 81,222",218,13,1
214,2스코,와 나 웬만하면 남자몸보고 우와..안그러는데 신성록은 몸매 진짜 이쁘다.. 여자가 봐도 부러운 몸..우오ㅓ ...,9,0,"“비서와 여자 중 무엇입니까?” 신성록, 이엘리야 앞 ‘적나라한 욕망’","재생수 321,653",707,104,1
215,천유림,ㅋ 인정합니다,1,0,"“비서와 여자 중 무엇입니까?” 신성록, 이엘리야 앞 ‘적나라한 욕망’","재생수 321,653",707,104,1
216,정지연,...심장 터질뻔,4,0,"“비서와 여자 중 무엇입니까?” 신성록, 이엘리야 앞 ‘적나라한 욕망’","재생수 321,653",707,104,1
217,김씨,머리 내린거 존잘......♡,17,0,"“비서와 여자 중 무엇입니까?” 신성록, 이엘리야 앞 ‘적나라한 욕망’","재생수 321,653",707,104,1
218,잉,둘다 멍청,10,1,"“비서와 여자 중 무엇입니까?” 신성록, 이엘리야 앞 ‘적나라한 욕망’","재생수 321,653",707,104,1
219,옹넬,이엘리야 진짜 이쁘다..,25,4,"“비서와 여자 중 무엇입니까?” 신성록, 이엘리야 앞 ‘적나라한 욕망’","재생수 321,653",707,104,1
220,그리,토나온다,10,4,"“비서와 여자 중 무엇입니까?” 신성록, 이엘리야 앞 ‘적나라한 욕망’","재생수 321,653",707,104,1
221,그리,ㅌㄴㅇㄷ,3,1,"“비서와 여자 중 무엇입니까?” 신성록, 이엘리야 앞 ‘적나라한 욕망’","재생수 321,653",707,104,1
222,쥬드,이엘리야 예쁜데 ..,15,2,"“비서와 여자 중 무엇입니까?” 신성록, 이엘리야 앞 ‘적나라한 욕망’","재생수 321,653",707,104,1
223,kwdk****,상사랑 비서관계 이딴식으로 묘사하는 드라마 좋다고 쳐보는 개돼지들ㅋㅋㅋㅋㅋㅋㅋ자기들 인권 추락하는 드라마 그리 보고싶냐,27,4,"“비서와 여자 중 무엇입니까?” 신성록, 이엘리야 앞 ‘적나라한 욕망’","재생수 321,653",707,104,1
224,carpe diem,저질 3류 드라마,25,12,"“비서와 여자 중 무엇입니까?” 신성록, 이엘리야 앞 ‘적나라한 욕망’","재생수 321,653",707,104,1
225,열무엄마,그건 너에게 달렸지 ㅋㅋㅋㅋ 오글,24,6,"“비서와 여자 중 무엇입니까?” 신성록, 이엘리야 앞 ‘적나라한 욕망’","재생수 321,653",707,104,1
226,탐브,여성 비율 83% 댓글창 더럽네 ㅋㅋㅋㅋㅋ 그분들 좌표찍혓나용?? ㅋㅋㅋ,4,27,"“비서와 여자 중 무엇입니까?” 신성록, 이엘리야 앞 ‘적나라한 욕망’","재생수 321,653",707,104,1
227,지은,이엘리야 한테 걸어갈때 이야 멋지긴하군,24,2,"“비서와 여자 중 무엇입니까?” 신성록, 이엘리야 앞 ‘적나라한 욕망’","재생수 321,653",707,104,1
228,송송라떼,장나라랑 이엘리야랑 각각 있을 때마다 넘 달라지고 연기 잘하는듯,38,0,"“비서와 여자 중 무엇입니까?” 신성록, 이엘리야 앞 ‘적나라한 욕망’","재생수 321,653",707,104,1
229,온새미로,참..한드는 케이블은 발전한데 공중파는 계속 퇴보되네. 여전히 시청자가 자극적인 것 좋아하는 줄 알고 그걸로 시청률 높이려는 것.맨날 사골 우리듯한 캐릭터 설정  스토리. 진심 제작비가 아깝다. 그돈으로 연극이나 다른곳에 투자하지. 나도 작가지망생이지만 여전히 저런 것 보면 답답함  대중은 변하는데 기존 작가는 여전히 퇴보. 도전하는 작가는 적은 것 같아... 좀더 다양하게 시도하고 보여줬으면 싶음.,79,5,"“비서와 여자 중 무엇입니까?” 신성록, 이엘리야 앞 ‘적나라한 욕망’","재생수 321,653",707,104,1
230,youh****,대사가 3류 인터넷소설 급이네,68,6,"“비서와 여자 중 무엇입니까?” 신성록, 이엘리야 앞 ‘적나라한 욕망’","재생수 321,653",707,104,1
231,아누비스,ㅋㅋ폐핰ㅋㅋㅋ존나 오글거리네..,38,5,"“비서와 여자 중 무엇입니까?” 신성록, 이엘리야 앞 ‘적나라한 욕망’","재생수 321,653",707,104,1
232,wlgu****,물고빠는것만보이는건ㅋㅋㅋㅋㅋㅋ,15,1,"“비서와 여자 중 무엇입니까?” 신성록, 이엘리야 앞 ‘적나라한 욕망’","재생수 321,653",707,104,1
233,Masterpiece,오 이번 드라마에서 이엘리야 비중 크다,28,2,"“비서와 여자 중 무엇입니까?” 신성록, 이엘리야 앞 ‘적나라한 욕망’","재생수 321,653",707,104,1
234,2스코,와 나 웬만하면 남자몸보고 우와..안그러는데 신성록은 몸매 진짜 이쁘다.. 여자가 봐도 부러운 몸..우오ㅓ ...,9,0,"“비서와 여자 중 무엇입니까?” 신성록, 이엘리야 앞 ‘적나라한 욕망’","재생수 321,653",707,104,1
235,천유림,ㅋ 인정합니다,1,0,"“비서와 여자 중 무엇입니까?” 신성록, 이엘리야 앞 ‘적나라한 욕망’","재생수 321,653",707,104,1
236,정지연,...심장 터질뻔,4,0,"“비서와 여자 중 무엇입니까?” 신성록, 이엘리야 앞 ‘적나라한 욕망’","재생수 321,653",707,104,1
237,김씨,머리 내린거 존잘......♡,17,0,"“비서와 여자 중 무엇입니까?” 신성록, 이엘리야 앞 ‘적나라한 욕망’","재생수 321,653",707,104,1
238,잉,둘다 멍청,10,1,"“비서와 여자 중 무엇입니까?” 신성록, 이엘리야 앞 ‘적나라한 욕망’","재생수 321,653",707,104,1
239,옹넬,이엘리야 진짜 이쁘다..,25,4,"“비서와 여자 중 무엇입니까?” 신성록, 이엘리야 앞 ‘적나라한 욕망’","재생수 321,653",707,104,1
240,그리,토나온다,10,4,"“비서와 여자 중 무엇입니까?” 신성록, 이엘리야 앞 ‘적나라한 욕망’","재생수 321,653",707,104,1
241,그리,ㅌㄴㅇㄷ,3,1,"“비서와 여자 중 무엇입니까?” 신성록, 이엘리야 앞 ‘적나라한 욕망’","재생수 321,653",707,104,1
242,쥬드,이엘리야 예쁜데 ..,15,2,"“비서와 여자 중 무엇입니까?” 신성록, 이엘리야 앞 ‘적나라한 욕망’","재생수 321,653",707,104,1
243,kwdk****,상사랑 비서관계 이딴식으로 묘사하는 드라마 좋다고 쳐보는 개돼지들ㅋㅋㅋㅋㅋㅋㅋ자기들 인권 추락하는 드라마 그리 보고싶냐,27,4,"“비서와 여자 중 무엇입니까?” 신성록, 이엘리야 앞 ‘적나라한 욕망’","재생수 321,653",707,104,1
244,carpe diem,저질 3류 드라마,25,12,"“비서와 여자 중 무엇입니까?” 신성록, 이엘리야 앞 ‘적나라한 욕망’","재생수 321,653",707,104,1
245,열무엄마,그건 너에게 달렸지 ㅋㅋㅋㅋ 오글,24,6,"“비서와 여자 중 무엇입니까?” 신성록, 이엘리야 앞 ‘적나라한 욕망’","재생수 321,653",707,104,1
246,탐브,여성 비율 83% 댓글창 더럽네 ㅋㅋㅋㅋㅋ 그분들 좌표찍혓나용?? ㅋㅋㅋ,4,27,"“비서와 여자 중 무엇입니까?” 신성록, 이엘리야 앞 ‘적나라한 욕망’","재생수 321,653",707,104,1
247,지은,이엘리야 한테 걸어갈때 이야 멋지긴하군,24,2,"“비서와 여자 중 무엇입니까?” 신성록, 이엘리야 앞 ‘적나라한 욕망’","재생수 321,653",707,104,1
248,송송라떼,장나라랑 이엘리야랑 각각 있을 때마다 넘 달라지고 연기 잘하는듯,38,0,"“비서와 여자 중 무엇입니까?” 신성록, 이엘리야 앞 ‘적나라한 욕망’","재생수 321,653",707,104,1
249,온새미로,참..한드는 케이블은 발전한데 공중파는 계속 퇴보되네. 여전히 시청자가 자극적인 것 좋아하는 줄 알고 그걸로 시청률 높이려는 것.맨날 사골 우리듯한 캐릭터 설정  스토리. 진심 제작비가 아깝다. 그돈으로 연극이나 다른곳에 투자하지. 나도 작가지망생이지만 여전히 저런 것 보면 답답함  대중은 변하는데 기존 작가는 여전히 퇴보. 도전하는 작가는 적은 것 같아... 좀더 다양하게 시도하고 보여줬으면 싶음.,79,5,"“비서와 여자 중 무엇입니까?” 신성록, 이엘리야 앞 ‘적나라한 욕망’","재생수 321,653",707,104,1
250,youh****,대사가 3류 인터넷소설 급이네,68,6,"“비서와 여자 중 무엇입니까?” 신성록, 이엘리야 앞 ‘적나라한 욕망’","재생수 321,653",707,104,1
251,아누비스,ㅋㅋ폐핰ㅋㅋㅋ존나 오글거리네..,38,5,"“비서와 여자 중 무엇입니까?” 신성록, 이엘리야 앞 ‘적나라한 욕망’","재생수 321,653",707,104,1
252,wlgu****,물고빠는것만보이는건ㅋㅋㅋㅋㅋㅋ,15,1,"“비서와 여자 중 무엇입니까?” 신성록, 이엘리야 앞 ‘적나라한 욕망’","재생수 321,653",707,104,1
253,Masterpiece,오 이번 드라마에서 이엘리야 비중 크다,28,2,"“비서와 여자 중 무엇입니까?” 신성록, 이엘리야 앞 ‘적나라한 욕망’","재생수 321,653",707,104,1
254,zxcv****,목걸이랑 목티좀버리랰ㅋㄱㅂㅋㅋㅋㄱㅋㅋ아우껴,73,2,"“비서와 여자 중 무엇입니까?” 신성록, 이엘리야 앞 ‘적나라한 욕망’","재생수 321,653",707,104,1
255,아르테미스,둘이 의외로 어울려,42,2,"“비서와 여자 중 무엇입니까?” 신성록, 이엘리야 앞 ‘적나라한 욕망’","재생수 321,653",707,104,1
256,무한 도전,별로다 별로야...,18,7,"“비서와 여자 중 무엇입니까?” 신성록, 이엘리야 앞 ‘적나라한 욕망’","재생수 321,653",707,104,1
257,없음,이태임하고송지효 섞은 얼굴,65,2,"“비서와 여자 중 무엇입니까?” 신성록, 이엘리야 앞 ‘적나라한 욕망’","재생수 321,653",707,104,1
258,정의와사랑,신성록 이런 역할 엄청잘하네 다른 역할도 해봤으면ㅠ,40,3,"“비서와 여자 중 무엇입니까?” 신성록, 이엘리야 앞 ‘적나라한 욕망’","재생수 321,653",707,104,1
259,깅,ㅠㅠ.. 근데 너무 오글거려 진심으로....... 21세기에 왠 폐하..??,53,12,"“비서와 여자 중 무엇입니까?” 신성록, 이엘리야 앞 ‘적나라한 욕망’","재생수 321,653",707,104,1
260,깅,헐 몸봐 꺅,20,3,"“비서와 여자 중 무엇입니까?” 신성록, 이엘리야 앞 ‘적나라한 욕망’","재생수 321,653",707,104,1
261,노가리,드라마 심각... 보다가 어이없어서 웃음만 나옴ㅋㅋㅋㅋ 시대에 뒤떨어지고 진부한 드라마 좀 그만 찍으면 안되나... 배우들도 이런 드라마 좀 거르고...,54,8,"“비서와 여자 중 무엇입니까?” 신성록, 이엘리야 앞 ‘적나라한 욕망’","재생수 321,653",707,104,1
262,쿨피스,옷이 왜 저런건지 누가 좀 설명을...,78,5,"“비서와 여자 중 무엇입니까?” 신성록, 이엘리야 앞 ‘적나라한 욕망’","재생수 321,653",707,104,1
263,바,아..진짜 구리다..시대를 역행하네..웬일이냐...,68,5,"“비서와 여자 중 무엇입니까?” 신성록, 이엘리야 앞 ‘적나라한 욕망’","재생수 321,653",707,104,1
264,Le2jeong,야하다 공중파,33,2,"“비서와 여자 중 무엇입니까?” 신성록, 이엘리야 앞 ‘적나라한 욕망’","재생수 321,653",707,104,1
265,zosh****,너무 야동찍어대더라 포노가기 일보직전처럼 애들보기민망함,39,7,"“비서와 여자 중 무엇입니까?” 신성록, 이엘리야 앞 ‘적나라한 욕망’","재생수 321,653",707,104,1
266,love****,그런목걸이는 도대체어디서난거냐?ㅡㅡ,57,6,"“비서와 여자 중 무엇입니까?” 신성록, 이엘리야 앞 ‘적나라한 욕망’","재생수 321,653",707,104,1
267,서진,진짜 개더럽다... 대사도 개오글거리고....,73,8,"“비서와 여자 중 무엇입니까?” 신성록, 이엘리야 앞 ‘적나라한 욕망’","재생수 321,653",707,104,1
268,gree****,카톡개 넘 머쩡,33,5,"“비서와 여자 중 무엇입니까?” 신성록, 이엘리야 앞 ‘적나라한 욕망’","재생수 321,653",707,104,1
269,21,더럽다....비서 성적대상화하는건가?생각이있는건지 없는건지,113,4,"“비서와 여자 중 무엇입니까?” 신성록, 이엘리야 앞 ‘적나라한 욕망’","재생수 321,653",707,104,1
270,호양,돈꽃처럼 진지모드로 가던가 명랑소녀성공기처럼 캐발랄로 가던가 그것도 아니면 별그대처럼 완급조절을 잘해야지 드라마 이거 뭐냐?,63,4,"“비서와 여자 중 무엇입니까?” 신성록, 이엘리야 앞 ‘적나라한 욕망’","재생수 321,653",707,104,1
271,릴리,이게 뭐냐.....? 심의에 안걸리는게 웃기다,72,5,"“비서와 여자 중 무엇입니까?” 신성록, 이엘리야 앞 ‘적나라한 욕망’","재생수 321,653",707,104,1
272,Ryu,여비서에 대한 인식이 바뀌기는 개뿔 아무리 드라마고 캐릭터상이라지만 시대가 어느땐데 이런걸 재밌다고 볼 거라 생각하는거냐....솔직히 비서 지망하는 학생으로서 이런 드라마가 아직도 있다는게 많이 안타깝다 1도 로맨틱하지 않음 더러워 에라이 퉤퉤퉷,134,5,"“비서와 여자 중 무엇입니까?” 신성록, 이엘리야 앞 ‘적나라한 욕망’","재생수 321,653",707,104,1
273,어쩌라구,21세기에 저런대사가나오다니 졸빻음,89,4,"“비서와 여자 중 무엇입니까?” 신성록, 이엘리야 앞 ‘적나라한 욕망’","재생수 321,653",707,104,1
274,영쥬,"나이차나는 상사와 여비서가 또 이렇게 쓰여지네.. 진짜 언제 바뀌냐 이런게 대중매체에 자꾸 보이니까 사람들이 여비서가 성폭력 당했다고 해도 로맨틱이라 생각하지,위력에 의한 성폭력이 아니라..ㅉㅉ",108,5,"“비서와 여자 중 무엇입니까?” 신성록, 이엘리야 앞 ‘적나라한 욕망’","재생수 321,653",707,104,1
275,세면대,둘 잘어울리는데 내용 무엇..비서와 여자래..,58,0,"“비서와 여자 중 무엇입니까?” 신성록, 이엘리야 앞 ‘적나라한 욕망’","재생수 321,653",707,104,1
276,연,아니 연기는 다 잘하는데 각본이 왜이래..?,72,2,"“비서와 여자 중 무엇입니까?” 신성록, 이엘리야 앞 ‘적나라한 욕망’","재생수 321,653",707,104,1
277,데이지,상사와 여비서 관계 아직도 이렇게 묘사되다니,1030,15,"“비서와 여자 중 무엇입니까?” 신성록, 이엘리야 앞 ‘적나라한 욕망’","재생수 321,653",707,104,1
278,밍밍밍밍,이게 첫방이였다고 ..?,44,0,"“비서와 여자 중 무엇입니까?” 신성록, 이엘리야 앞 ‘적나라한 욕망’","재생수 321,653",707,104,1
279,jilo****,쫌........,17,4,"“비서와 여자 중 무엇입니까?” 신성록, 이엘리야 앞 ‘적나라한 욕망’","재생수 321,653",707,104,1
280,gkss****,목걸이좀 하지마....,45,4,"“비서와 여자 중 무엇입니까?” 신성록, 이엘리야 앞 ‘적나라한 욕망’","재생수 321,653",707,104,1
281,클린보이,카톡 개 좋겠다...,17,5,"“비서와 여자 중 무엇입니까?” 신성록, 이엘리야 앞 ‘적나라한 욕망’","재생수 321,653",707,104,1
282,jardin,진심 개이쁘네;;..,28,0,"“비서와 여자 중 무엇입니까?” 신성록, 이엘리야 앞 ‘적나라한 욕망’","재생수 321,653",707,104,1
283,엄지,누구 생각나네.. 비서로? 여자로?,18,5,"“비서와 여자 중 무엇입니까?” 신성록, 이엘리야 앞 ‘적나라한 욕망’","재생수 321,653",707,104,1
284,김상아,ㅋㅋㅋㅋㅋㅋㅋㅋ,11,2,"“비서와 여자 중 무엇입니까?” 신성록, 이엘리야 앞 ‘적나라한 욕망’","재생수 321,653",707,104,1
285,ㅇㅇㅇ,신성록 역할은 목소리 엄청 낮은 사람이 하면 더 어울렸을듯 신성록은 너무 가벼움,14,18,"“비서와 여자 중 무엇입니까?” 신성록, 이엘리야 앞 ‘적나라한 욕망’","재생수 321,653",707,104,1
286,배나경,왜항상 드라마는 빙빙저래도노,7,3,"“비서와 여자 중 무엇입니까?” 신성록, 이엘리야 앞 ‘적나라한 욕망’","재생수 321,653",707,104,1
287,냥이,이엘리야 이쁜데 왜이런역할하지..,545,12,"“비서와 여자 중 무엇입니까?” 신성록, 이엘리야 앞 ‘적나라한 욕망’","재생수 321,653",707,104,1
288,깜치,무리없는 드라마될듯~~~~대박나길더로사스토어팜  구경오세요예쁜옷있어요,9,7,"“비서와 여자 중 무엇입니까?” 신성록, 이엘리야 앞 ‘적나라한 욕망’","재생수 321,653",707,104,1
289,db16,"임성한 작가는 ""쓰면서도 '이건 아니지, 너무 심하지..' 했지만 만에 하나 상대 드라마가 마지막 회 프리미엄을 얻어 0.1프로라도 우리 드라마를 앞서면 그 드라마는 결국 우리 드라마를 이기고 끝난 게 되기 때문에 그동안의 내 고생과 노력이 수포로 돌아갈 수밖에 없어, 눈물을 머금고 에피소드를 동원했다""고 밝혔다. 임 작가는 자신의 이같은 행동을 '악행'이라 표현하기도 했다. ㅡㅡㅡㅡㅡㅡㅡㅡ 김순옥도? 임성한 드작 은퇴하고 털어놓는이야기 시청률위해 독약 풀라고 방송국에서 전화오면 사람죽이고 사고내고 ㅋㅋ 시청률이 진정 다냐?",12,4,"“비서와 여자 중 무엇입니까?” 신성록, 이엘리야 앞 ‘적나라한 욕망’","재생수 321,653",707,104,1
290,강다니엘,저여자 내껀데 ㅋㅋㅋ,5,18,"“비서와 여자 중 무엇입니까?” 신성록, 이엘리야 앞 ‘적나라한 욕망’","재생수 321,653",707,104,1
291,momo,섹시해ㅠㅠ신성록오빠 ㅠㅠ핧,20,13,"“비서와 여자 중 무엇입니까?” 신성록, 이엘리야 앞 ‘적나라한 욕망’","재생수 321,653",707,104,1
292,peach,너무 마르셔서 살좀더찌면 나을거같아요,33,8,"“비서와 여자 중 무엇입니까?” 신성록, 이엘리야 앞 ‘적나라한 욕망’","재생수 321,653",707,104,1
293,llga****,아 느끼해,22,5,"“비서와 여자 중 무엇입니까?” 신성록, 이엘리야 앞 ‘적나라한 욕망’","재생수 321,653",707,104,1
294,꾸,김순옥 진화한 귀여니같은 인간..,368,6,"“비서와 여자 중 무엇입니까?” 신성록, 이엘리야 앞 ‘적나라한 욕망’","재생수 321,653",707,104,1
295,둘리짱,첫방부터 너무 좀 그렇다,18,5,"“비서와 여자 중 무엇입니까?” 신성록, 이엘리야 앞 ‘적나라한 욕망’","재생수 321,653",707,104,1
296,odix****,나만 이어폰 한쪽만 들림??ㅋㅋㅋ,215,8,"“비서와 여자 중 무엇입니까?” 신성록, 이엘리야 앞 ‘적나라한 욕망’","재생수 321,653",707,104,1
297,바나나젤리,신성록 아내가 이거보면 속 뒤집어질 듯,1158,27,"“비서와 여자 중 무엇입니까?” 신성록, 이엘리야 앞 ‘적나라한 욕망’","재생수 321,653",707,104,1
298,감귤,신성록 존잘 어깨선 대박 그런데 목걸이랑 목폴라는 버려,952,23,"“비서와 여자 중 무엇입니까?” 신성록, 이엘리야 앞 ‘적나라한 욕망’","재생수 321,653",707,104,1
299,이송현,근데..무서워,175,9,"“비서와 여자 중 무엇입니까?” 신성록, 이엘리야 앞 ‘적나라한 욕망’","재생수 321,653",707,104,1
300,tjsd****,대사 개오글...,703,26,"“비서와 여자 중 무엇입니까?” 신성록, 이엘리야 앞 ‘적나라한 욕망’","재생수 321,653",707,104,1
301,다룬레인,신성록 이런역들 그만좀 해줬으면ㅠ 죽어야사는남자 같은 드라마때는 너무 좋았는뎅~ 이미지 변신이 필요할때 인듯!,1348,28,"“비서와 여자 중 무엇입니까?” 신성록, 이엘리야 앞 ‘적나라한 욕망’","재생수 321,653",707,104,1
302,왕관을쓴자,얘는 왜 이런역할만 해..,751,20,"“비서와 여자 중 무엇입니까?” 신성록, 이엘리야 앞 ‘적나라한 욕망’","재생수 321,653",707,104,1
303,김예진,신성록 이마주름이랑 헬쓱한것봐....살쫌 쪄야할듯,350,19,"“비서와 여자 중 무엇입니까?” 신성록, 이엘리야 앞 ‘적나라한 욕망’","재생수 321,653",707,104,1
304,brandon,으악...,49,7,"“비서와 여자 중 무엇입니까?” 신성록, 이엘리야 앞 ‘적나라한 욕망’","재생수 321,653",707,104,1
305,란이,혼자 보길 망정이지.. 가족들 같이 있었음 민망해서죽을뻔,931,25,"“비서와 여자 중 무엇입니까?” 신성록, 이엘리야 앞 ‘적나라한 욕망’","재생수 321,653",707,104,1
306,hbh9****,박력과 분위기 때문에 계속 놀람....,414,23,"“비서와 여자 중 무엇입니까?” 신성록, 이엘리야 앞 ‘적나라한 욕망’","재생수 321,653",707,104,1
307,7899901,오우야 오우야,182,10,"“비서와 여자 중 무엇입니까?” 신성록, 이엘리야 앞 ‘적나라한 욕망’","재생수 321,653",707,104,1
308,스윗 멘트,근데 포스터에 대한’민’국 이라고 써있음ㅋㅋㅋ,1,0,"장나라, 무명 배우의 긍정 에너지 발산 ‘발랄美 뿜뿜’","재생수 74,250",323,22,1
309,kikikirururu,나라님 연기 넘 자연스럽자나 ㅜㅜ..,5,0,"장나라, 무명 배우의 긍정 에너지 발산 ‘발랄美 뿜뿜’","재생수 74,250",323,22,1
310,암흑공주,사랑스럽네요 진짜 대단해요.,6,0,"장나라, 무명 배우의 긍정 에너지 발산 ‘발랄美 뿜뿜’","재생수 74,250",323,22,1
311,GJ,장나라 정말 이쁘네. 안늙어 ㅋㅋ,8,0,"장나라, 무명 배우의 긍정 에너지 발산 ‘발랄美 뿜뿜’","재생수 74,250",323,22,1
312,푸른햇살,써니  성격  좋네~^^,6,0,"장나라, 무명 배우의 긍정 에너지 발산 ‘발랄美 뿜뿜’","재생수 74,250",323,22,1
313,NZINE112,장나라 화이팅!,32,0,"장나라, 무명 배우의 긍정 에너지 발산 ‘발랄美 뿜뿜’","재생수 74,250",323,22,1
314,장훈석,이쁘다 넘넘,27,0,"장나라, 무명 배우의 긍정 에너지 발산 ‘발랄美 뿜뿜’","재생수 74,250",323,22,1
315,세운이가 예뻐서,동안미녀 나라언니❤,10,2,"장나라, 무명 배우의 긍정 에너지 발산 ‘발랄美 뿜뿜’","재생수 74,250",323,22,1
316,그린그린,보기만해도 에너지 뿜뿜~장나라 넘 이쁘고 귀여워,18,2,"장나라, 무명 배우의 긍정 에너지 발산 ‘발랄美 뿜뿜’","재생수 74,250",323,22,1
317,바람,김종구 배우 ㅋㅋㅋㅋㅋ,36,1,"장나라, 무명 배우의 긍정 에너지 발산 ‘발랄美 뿜뿜’","재생수 74,250",323,22,1
318,너야,너무귀여운거아닙니까 ㅎㅎ,9,2,"장나라, 무명 배우의 긍정 에너지 발산 ‘발랄美 뿜뿜’","재생수 74,250",323,22,1
319,김민지,나라짱,44,2,"장나라, 무명 배우의 긍정 에너지 발산 ‘발랄美 뿜뿜’","재생수 74,250",323,22,1
320,peach,화장하는거나올때 예뻐서놀랐네요 귀여운 오써니,79,3,"장나라, 무명 배우의 긍정 에너지 발산 ‘발랄美 뿜뿜’","재생수 74,250",323,22,1
321,꽁꽁꽁,ㅋㅋㅋㅋ귀여운거바,65,2,"장나라, 무명 배우의 긍정 에너지 발산 ‘발랄美 뿜뿜’","재생수 74,250",323,22,1
322,지나가다,김종국찾기ㅋㅋㅋ,125,1,"장나라, 무명 배우의 긍정 에너지 발산 ‘발랄美 뿜뿜’","재생수 74,250",323,22,1
323,멍뭉이엄기준,장나라 김종구 배우님 졸귀ㅋㅋㅋㅋㅋ,90,4,"장나라, 무명 배우의 긍정 에너지 발산 ‘발랄美 뿜뿜’","재생수 74,250",323,22,1
324,망고조아,김종구배우님이다! 방금 배니싱 보고왔는데ㅠ,80,1,"장나라, 무명 배우의 긍정 에너지 발산 ‘발랄美 뿜뿜’","재생수 74,250",323,22,1
325,stella,김종구배우님!!!,73,1,"장나라, 무명 배우의 긍정 에너지 발산 ‘발랄美 뿜뿜’","재생수 74,250",323,22,1
326,S2,장나라 진짜 변하지 않는 외모다ㅜㅜ 헤어스타일 귀여웤ㅋㅋㅋ,327,7,"장나라, 무명 배우의 긍정 에너지 발산 ‘발랄美 뿜뿜’","재생수 74,250",323,22,1
327,hbh9****,장나라 미모 ㄷㄷ,226,8,"장나라, 무명 배우의 긍정 에너지 발산 ‘발랄美 뿜뿜’","재생수 74,250",323,22,1
328,스윗 멘트,근데 포스터에 대한’민’국 이라고 써있음ㅋㅋㅋ,1,0,"장나라, 무명 배우의 긍정 에너지 발산 ‘발랄美 뿜뿜’","재생수 74,250",323,22,1
329,kikikirururu,나라님 연기 넘 자연스럽자나 ㅜㅜ..,5,0,"장나라, 무명 배우의 긍정 에너지 발산 ‘발랄美 뿜뿜’","재생수 74,250",323,22,1
330,암흑공주,사랑스럽네요 진짜 대단해요.,6,0,"장나라, 무명 배우의 긍정 에너지 발산 ‘발랄美 뿜뿜’","재생수 74,250",323,22,1
331,GJ,장나라 정말 이쁘네. 안늙어 ㅋㅋ,8,0,"장나라, 무명 배우의 긍정 에너지 발산 ‘발랄美 뿜뿜’","재생수 74,250",323,22,1
332,푸른햇살,써니  성격  좋네~^^,6,0,"장나라, 무명 배우의 긍정 에너지 발산 ‘발랄美 뿜뿜’","재생수 74,250",323,22,1
333,NZINE112,장나라 화이팅!,32,0,"장나라, 무명 배우의 긍정 에너지 발산 ‘발랄美 뿜뿜’","재생수 74,250",323,22,1
334,장훈석,이쁘다 넘넘,27,0,"장나라, 무명 배우의 긍정 에너지 발산 ‘발랄美 뿜뿜’","재생수 74,250",323,22,1
335,세운이가 예뻐서,동안미녀 나라언니❤,10,2,"장나라, 무명 배우의 긍정 에너지 발산 ‘발랄美 뿜뿜’","재생수 74,250",323,22,1
336,그린그린,보기만해도 에너지 뿜뿜~장나라 넘 이쁘고 귀여워,18,2,"장나라, 무명 배우의 긍정 에너지 발산 ‘발랄美 뿜뿜’","재생수 74,250",323,22,1
337,바람,김종구 배우 ㅋㅋㅋㅋㅋ,36,1,"장나라, 무명 배우의 긍정 에너지 발산 ‘발랄美 뿜뿜’","재생수 74,250",323,22,1
338,너야,너무귀여운거아닙니까 ㅎㅎ,9,2,"장나라, 무명 배우의 긍정 에너지 발산 ‘발랄美 뿜뿜’","재생수 74,250",323,22,1
339,김민지,나라짱,44,2,"장나라, 무명 배우의 긍정 에너지 발산 ‘발랄美 뿜뿜’","재생수 74,250",323,22,1
340,peach,화장하는거나올때 예뻐서놀랐네요 귀여운 오써니,79,3,"장나라, 무명 배우의 긍정 에너지 발산 ‘발랄美 뿜뿜’","재생수 74,250",323,22,1
341,꽁꽁꽁,ㅋㅋㅋㅋ귀여운거바,65,2,"장나라, 무명 배우의 긍정 에너지 발산 ‘발랄美 뿜뿜’","재생수 74,250",323,22,1
342,지나가다,김종국찾기ㅋㅋㅋ,125,1,"장나라, 무명 배우의 긍정 에너지 발산 ‘발랄美 뿜뿜’","재생수 74,250",323,22,1
343,멍뭉이엄기준,장나라 김종구 배우님 졸귀ㅋㅋㅋㅋㅋ,90,4,"장나라, 무명 배우의 긍정 에너지 발산 ‘발랄美 뿜뿜’","재생수 74,250",323,22,1
344,망고조아,김종구배우님이다! 방금 배니싱 보고왔는데ㅠ,80,1,"장나라, 무명 배우의 긍정 에너지 발산 ‘발랄美 뿜뿜’","재생수 74,250",323,22,1
345,stella,김종구배우님!!!,73,1,"장나라, 무명 배우의 긍정 에너지 발산 ‘발랄美 뿜뿜’","재생수 74,250",323,22,1
346,S2,장나라 진짜 변하지 않는 외모다ㅜㅜ 헤어스타일 귀여웤ㅋㅋㅋ,327,7,"장나라, 무명 배우의 긍정 에너지 발산 ‘발랄美 뿜뿜’","재생수 74,250",323,22,1
347,hbh9****,장나라 미모 ㄷㄷ,226,8,"장나라, 무명 배우의 긍정 에너지 발산 ‘발랄美 뿜뿜’","재생수 74,250",323,22,1
348,손주리,장나라 쥬아❤️,125,7,"장나라, 무명 배우의 긍정 에너지 발산 ‘발랄美 뿜뿜’","재생수 74,250",323,22,1
349,파란하늘,나라언니 귀여워ㅋㅋㅋ,172,10,"장나라, 무명 배우의 긍정 에너지 발산 ‘발랄美 뿜뿜’","재생수 74,250",323,22,1
350,HappyBee,이엘리야 너무 이쁘고 연기 잘한다,17,0,"이엘리야, 숨기고 싶은 애인 태항호 애정 공세에 ‘억지 미소’","재생수 240,998",454,76,1
351,Mtera,이엘리야 보살이네,16,0,"이엘리야, 숨기고 싶은 애인 태항호 애정 공세에 ‘억지 미소’","재생수 240,998",454,76,1
352,kikikirururu,헤어지면 되지 저때까지 왜 만냐나,14,0,"이엘리야, 숨기고 싶은 애인 태항호 애정 공세에 ‘억지 미소’","재생수 240,998",454,76,1
353,진땅,아니 바람은 당연히 싫지 그리고 유라년 저렇게 끝에 애교부리면은 좋은 줄 알지 ㅡㅡ,2,12,"이엘리야, 숨기고 싶은 애인 태항호 애정 공세에 ‘억지 미소’","재생수 240,998",454,76,1
354,제이엔,어우 무섭..,14,1,"이엘리야, 숨기고 싶은 애인 태항호 애정 공세에 ‘억지 미소’","재생수 240,998",454,76,1
355,phantom0378,개불쌍하다. ㅉㅉ 살빼든 말든 잘생겨지든 말든 응원 하나도 안된다 ㅉㅉ,19,0,"이엘리야, 숨기고 싶은 애인 태항호 애정 공세에 ‘억지 미소’","재생수 240,998",454,76,1
356,양갱,쟤 살빼는 계기가 인성과 관련돼 있어서 인성도 좀 변했으면...,22,0,"이엘리야, 숨기고 싶은 애인 태항호 애정 공세에 ‘억지 미소’","재생수 240,998",454,76,1
357,Kui,자기 구해준 은인집에 불지르는것도 극혐..,29,1,"이엘리야, 숨기고 싶은 애인 태항호 애정 공세에 ‘억지 미소’","재생수 240,998",454,76,1
358,쿠키,머리에총맞고 성격변하는 듯,29,0,"이엘리야, 숨기고 싶은 애인 태항호 애정 공세에 ‘억지 미소’","재생수 240,998",454,76,1
359,지이니,이엘리야 진짜진심싫어해ㅋㅋㅋ,39,0,"이엘리야, 숨기고 싶은 애인 태항호 애정 공세에 ‘억지 미소’","재생수 240,998",454,76,1
360,김인선,그여자가그만이상한짓좀헀으묜,1,3,"이엘리야, 숨기고 싶은 애인 태항호 애정 공세에 ‘억지 미소’","재생수 240,998",454,76,1
361,리마,남자가 얼굴 여부를 떠나 문제가 많아 보이는데요? 직장앞에서..-_-,50,1,"이엘리야, 숨기고 싶은 애인 태항호 애정 공세에 ‘억지 미소’","재생수 240,998",454,76,1
362,지은,이엘리야 대박이다,6,0,"이엘리야, 숨기고 싶은 애인 태항호 애정 공세에 ‘억지 미소’","재생수 240,998",454,76,1
363,nana,남주 너무 스토커같음,35,0,"이엘리야, 숨기고 싶은 애인 태항호 애정 공세에 ‘억지 미소’","재생수 240,998",454,76,1
364,피카츄,아니 애초에 왜 사귀게 된건가요...?이엘리야가 나쁜 사람인 줄 알았는데 보살이었네 ㅎㅎ,50,0,"이엘리야, 숨기고 싶은 애인 태항호 애정 공세에 ‘억지 미소’","재생수 240,998",454,76,1
365,코코냥,저정도면 데이트폭력아니냐 저건아니다 ㅠ,44,1,"이엘리야, 숨기고 싶은 애인 태항호 애정 공세에 ‘억지 미소’","재생수 240,998",454,76,1
366,호줌마,신은경씨 좋은연기 다시볼 수 있어서 감사합니다,5,4,"이엘리야, 숨기고 싶은 애인 태항호 애정 공세에 ‘억지 미소’","재생수 240,998",454,76,1
367,skyr****,외모를 떠나서 행동이나 이런게 진짜 최악....사람들 많은 직장에서 큰소리 치면서 부르고....집착하고...,48,0,"이엘리야, 숨기고 싶은 애인 태항호 애정 공세에 ‘억지 미소’","재생수 240,998",454,76,1
368,불꽃카리스마,진짜 열라싫은거같다 ㅋ ㅋ ㅋ,35,0,"이엘리야, 숨기고 싶은 애인 태항호 애정 공세에 ‘억지 미소’","재생수 240,998",454,76,1
369,heyh****,이엘리야 넘 예쁘다,12,1,"이엘리야, 숨기고 싶은 애인 태항호 애정 공세에 ‘억지 미소’","재생수 240,998",454,76,1
370,HappyBee,이엘리야 너무 이쁘고 연기 잘한다,17,0,"이엘리야, 숨기고 싶은 애인 태항호 애정 공세에 ‘억지 미소’","재생수 240,998",454,76,1
371,Mtera,이엘리야 보살이네,16,0,"이엘리야, 숨기고 싶은 애인 태항호 애정 공세에 ‘억지 미소’","재생수 240,998",454,76,1
372,kikikirururu,헤어지면 되지 저때까지 왜 만냐나,14,0,"이엘리야, 숨기고 싶은 애인 태항호 애정 공세에 ‘억지 미소’","재생수 240,998",454,76,1
373,진땅,아니 바람은 당연히 싫지 그리고 유라년 저렇게 끝에 애교부리면은 좋은 줄 알지 ㅡㅡ,2,12,"이엘리야, 숨기고 싶은 애인 태항호 애정 공세에 ‘억지 미소’","재생수 240,998",454,76,1
374,제이엔,어우 무섭..,14,1,"이엘리야, 숨기고 싶은 애인 태항호 애정 공세에 ‘억지 미소’","재생수 240,998",454,76,1
375,phantom0378,개불쌍하다. ㅉㅉ 살빼든 말든 잘생겨지든 말든 응원 하나도 안된다 ㅉㅉ,19,0,"이엘리야, 숨기고 싶은 애인 태항호 애정 공세에 ‘억지 미소’","재생수 240,998",454,76,1
376,양갱,쟤 살빼는 계기가 인성과 관련돼 있어서 인성도 좀 변했으면...,22,0,"이엘리야, 숨기고 싶은 애인 태항호 애정 공세에 ‘억지 미소’","재생수 240,998",454,76,1
377,Kui,자기 구해준 은인집에 불지르는것도 극혐..,29,1,"이엘리야, 숨기고 싶은 애인 태항호 애정 공세에 ‘억지 미소’","재생수 240,998",454,76,1
378,쿠키,머리에총맞고 성격변하는 듯,29,0,"이엘리야, 숨기고 싶은 애인 태항호 애정 공세에 ‘억지 미소’","재생수 240,998",454,76,1
379,지이니,이엘리야 진짜진심싫어해ㅋㅋㅋ,39,0,"이엘리야, 숨기고 싶은 애인 태항호 애정 공세에 ‘억지 미소’","재생수 240,998",454,76,1
380,김인선,그여자가그만이상한짓좀헀으묜,1,3,"이엘리야, 숨기고 싶은 애인 태항호 애정 공세에 ‘억지 미소’","재생수 240,998",454,76,1
381,리마,남자가 얼굴 여부를 떠나 문제가 많아 보이는데요? 직장앞에서..-_-,50,1,"이엘리야, 숨기고 싶은 애인 태항호 애정 공세에 ‘억지 미소’","재생수 240,998",454,76,1
382,지은,이엘리야 대박이다,6,0,"이엘리야, 숨기고 싶은 애인 태항호 애정 공세에 ‘억지 미소’","재생수 240,998",454,76,1
383,nana,남주 너무 스토커같음,35,0,"이엘리야, 숨기고 싶은 애인 태항호 애정 공세에 ‘억지 미소’","재생수 240,998",454,76,1
384,피카츄,아니 애초에 왜 사귀게 된건가요...?이엘리야가 나쁜 사람인 줄 알았는데 보살이었네 ㅎㅎ,50,0,"이엘리야, 숨기고 싶은 애인 태항호 애정 공세에 ‘억지 미소’","재생수 240,998",454,76,1
385,코코냥,저정도면 데이트폭력아니냐 저건아니다 ㅠ,44,1,"이엘리야, 숨기고 싶은 애인 태항호 애정 공세에 ‘억지 미소’","재생수 240,998",454,76,1
386,호줌마,신은경씨 좋은연기 다시볼 수 있어서 감사합니다,5,4,"이엘리야, 숨기고 싶은 애인 태항호 애정 공세에 ‘억지 미소’","재생수 240,998",454,76,1
387,skyr****,외모를 떠나서 행동이나 이런게 진짜 최악....사람들 많은 직장에서 큰소리 치면서 부르고....집착하고...,48,0,"이엘리야, 숨기고 싶은 애인 태항호 애정 공세에 ‘억지 미소’","재생수 240,998",454,76,1
388,불꽃카리스마,진짜 열라싫은거같다 ㅋ ㅋ ㅋ,35,0,"이엘리야, 숨기고 싶은 애인 태항호 애정 공세에 ‘억지 미소’","재생수 240,998",454,76,1
389,heyh****,이엘리야 넘 예쁘다,12,1,"이엘리야, 숨기고 싶은 애인 태항호 애정 공세에 ‘억지 미소’","재생수 240,998",454,76,1
390,꿈에별,우왝~~소름...ㅠㅠ,10,2,"이엘리야, 숨기고 싶은 애인 태항호 애정 공세에 ‘억지 미소’","재생수 240,998",454,76,1
391,toptus2,외모를 떠나서 나왕식 극혐. 소름돋는다!!. 어느 미친 여자가 저런 폭력남에 집착남을 좋아하겠냐???민유라가 다 이해될 지경!!  나라면 완전 공포겠다.  눈에 뵈는것도 없는거 같은데.. 여자가 떠나겠다고 하면 패죽일거 같은 ㅡㅡ 으... 극혐..,55,1,"이엘리야, 숨기고 싶은 애인 태항호 애정 공세에 ‘억지 미소’","재생수 240,998",454,76,1
392,Masterpiece,이엘리야 미모 미침..ㄷㄷ 겁나 이쁘다 진짜,31,2,"이엘리야, 숨기고 싶은 애인 태항호 애정 공세에 ‘억지 미소’","재생수 240,998",454,76,1
393,mmuj****,무섭네 ㅡ ㅅ  ㅡ 외모만 변하면 다야. 스토리 왜이래,24,1,"이엘리야, 숨기고 싶은 애인 태항호 애정 공세에 ‘억지 미소’","재생수 240,998",454,76,1
394,랑꽁,나중에 환골퇄태한들 목소리도 거칠고 눈치없이 무식하고   매너없는 지금의 나왕식이 최진혁으로 바뀐들 팬들이 어찌 호감을 느낄까 차라리 최진혁을 뚱뚱하게 분장을 시키지 그랬냐 제작비가 부족했나,44,2,"이엘리야, 숨기고 싶은 애인 태항호 애정 공세에 ‘억지 미소’","재생수 240,998",454,76,1
395,쩡쩡,아니 심하노 살빼고최진혁실화?,12,0,"이엘리야, 숨기고 싶은 애인 태항호 애정 공세에 ‘억지 미소’","재생수 240,998",454,76,1
396,구름,헐... 할말잃...,14,0,"이엘리야, 숨기고 싶은 애인 태항호 애정 공세에 ‘억지 미소’","재생수 240,998",454,76,1
397,밍밍밍밍,바람피는건 당연히 못 참지 뭘,10,7,"이엘리야, 숨기고 싶은 애인 태항호 애정 공세에 ‘억지 미소’","재생수 240,998",454,76,1
398,나또다르다,최진혁 배우님만 기다립니다..,18,2,"이엘리야, 숨기고 싶은 애인 태항호 애정 공세에 ‘억지 미소’","재생수 240,998",454,76,1
399,또치,아니.. 대체 극본 왜이런..ㅠㅠㅠㅠㅠ,29,0,"이엘리야, 숨기고 싶은 애인 태항호 애정 공세에 ‘억지 미소’","재생수 240,998",454,76,1
400,승연맘85,ㅜㅠ죄송하지만외모를자꾸만약 최진혁이 저역할햇다며아마 그냥 사랑꾼이엿게죠ㅜㅠ,33,1,"이엘리야, 숨기고 싶은 애인 태항호 애정 공세에 ‘억지 미소’","재생수 240,998",454,76,1
401,봄빛,남주성격..ㅎ..저건 거의 집착남인데 절대 사귀지 말아야할..,53,2,"이엘리야, 숨기고 싶은 애인 태항호 애정 공세에 ‘억지 미소’","재생수 240,998",454,76,1
402,별하,솔직히 저런남친은 외모가 문제가 아니라 집착때문에 되게 위험하고 싫을거같은데,60,0,"이엘리야, 숨기고 싶은 애인 태항호 애정 공세에 ‘억지 미소’","재생수 240,998",454,76,1
403,로블,남주인공 최진혁으로 변하든 말든 성격 극혐임 여자 직장 앞에서 소리 꽥꽥 질러대고 행패부리고 여자가 부담스러워하는 티 내는데도 집착에 모가지를 꺽는다느니 뭐니 진짜 싫다 소름끼쳐,1426,13,"이엘리야, 숨기고 싶은 애인 태항호 애정 공세에 ‘억지 미소’","재생수 240,998",454,76,1
404,iama****,아무리 긁지 않은 복권이라해도 태항호에서 최진혁으로 바뀌는 건 반칙 아닌감.....?ㅋㅋㅋㅋㅋㅋㅋㅋㅋ,33,0,"이엘리야, 숨기고 싶은 애인 태항호 애정 공세에 ‘억지 미소’","재생수 240,998",454,76,1
405,ㅇㅇ,민유라 바람 합법,315,9,"이엘리야, 숨기고 싶은 애인 태항호 애정 공세에 ‘억지 미소’","재생수 240,998",454,76,1
406,꾸,메인남주가 너무 문제가 많네 각성한다해도 사람 본질이 변할리가x,515,7,"이엘리야, 숨기고 싶은 애인 태항호 애정 공세에 ‘억지 미소’","재생수 240,998",454,76,1
407,똘똘이스머프,태항호 호블리가 이딴 역을 맡다니 ㅜㅜ,424,1,"이엘리야, 숨기고 싶은 애인 태항호 애정 공세에 ‘억지 미소’","재생수 240,998",454,76,1
408,님,외모가 잘생겨져도 저 인성이면 문제 많을 것 같은데;; 집착 있어 보이고 비정상적인 사람 같음...;;,1042,19,"이엘리야, 숨기고 싶은 애인 태항호 애정 공세에 ‘억지 미소’","재생수 240,998",454,76,1
409,비천무,장난하나 역시 작가는 기대를 저버리지 않네 역시 ㅉㅉ 저게 무슨... 장난해?,148,4,"이엘리야, 숨기고 싶은 애인 태항호 애정 공세에 ‘억지 미소’","재생수 240,998",454,76,1
410,달덩이,성형은 그렇다 쳐도 키가 안되잖아요ㅠㅠㅠㅠㅠ 페이스오프 수준이 아닌데,22,2,"이엘리야, 숨기고 싶은 애인 태항호 애정 공세에 ‘억지 미소’","재생수 240,998",454,76,1
411,장훈석,궁금하네 아냐 반전이있을것같아  난 낼도본방사수 궁금해 ^^,3,2,"이엘리야, 숨기고 싶은 애인 태항호 애정 공세에 ‘억지 미소’","재생수 240,998",454,76,1
412,이송현,와우... 최진혁씨 빨리나와주세요용,141,15,"이엘리야, 숨기고 싶은 애인 태항호 애정 공세에 ‘억지 미소’","재생수 240,998",454,76,1
413,아이스크림코끼리,태항호배우에서 최진혁배우로 나왕식이 엄마사고를 파헤치다 황제 오른팔 마필주에게 위협을 받고 그후 예전 경호원대장이 왕식이 목숨구하고 변신 최진혁 등장입니다,118,5,"이엘리야, 숨기고 싶은 애인 태항호 애정 공세에 ‘억지 미소’","재생수 240,998",454,76,1
414,마지막마녀,살 빼고 성형하시고 최진혁으로 짠 나오는 건가요?이런..  뭐 .. 점 하나 찍은것 보단 훨 현실적이긴 하지만 허허 신선하네요 장나라씨와 최진혁씨가 막드에 나온다니..,563,11,"이엘리야, 숨기고 싶은 애인 태항호 애정 공세에 ‘억지 미소’","재생수 240,998",454,76,1
415,멍뭉이엄기준,저분이 각성하고 살빼서 최진혁이 되구너..,295,12,"이엘리야, 숨기고 싶은 애인 태항호 애정 공세에 ‘억지 미소’","재생수 240,998",454,76,1
416,1234,최진혁이 되는걸 떠나서 문제 많아보이는데,1146,16,"이엘리야, 숨기고 싶은 애인 태항호 애정 공세에 ‘억지 미소’","재생수 240,998",454,76,1
417,혜윰,아니 어케 저 사람이 최진혁이 될 수가 있지;,965,17,"이엘리야, 숨기고 싶은 애인 태항호 애정 공세에 ‘억지 미소’","재생수 240,998",454,76,1
418,윙,저분이 나중에 살빼서 최진혁이 됩니다,1080,13,"이엘리야, 숨기고 싶은 애인 태항호 애정 공세에 ‘억지 미소’","재생수 240,998",454,76,1
419,왕관을쓴자,극혐 돈벌기힘들다,9,6,"이엘리야, 숨기고 싶은 애인 태항호 애정 공세에 ‘억지 미소’","재생수 240,998",454,76,1
420,hbh9****,은근 소름..,458,16,"이엘리야, 숨기고 싶은 애인 태항호 애정 공세에 ‘억지 미소’","재생수 240,998",454,76,1
421,왕관을쓴자,어우,159,9,"이엘리야, 숨기고 싶은 애인 태항호 애정 공세에 ‘억지 미소’","재생수 240,998",454,76,1
422,쿠크,ㅋㅋㅋㅋㅋㅋㅋㅋ눈물을 머금고 못받았어,1,0,"장나라, 물 건너간 위로금에 아쉬움 가득 ‘자존심이 뭐길래’","재생수 68,295",227,25,1
423,안주,받았어야지,5,0,"장나라, 물 건너간 위로금에 아쉬움 가득 ‘자존심이 뭐길래’","재생수 68,295",227,25,1
424,LEEJH,나같으면 감사합니다하고 챙길거야ㅋㅋㅋㅋ 어차피 저 사람들 다시 볼 사람들도 아니고 잠깐의 창피함만 참으면 되니까...,30,0,"장나라, 물 건너간 위로금에 아쉬움 가득 ‘자존심이 뭐길래’","재생수 68,295",227,25,1
425,Masterpiece,ㅋㅋㅋㅋㅋㅋㅋㅋㅋㅋ개웃겨,16,2,"장나라, 물 건너간 위로금에 아쉬움 가득 ‘자존심이 뭐길래’","재생수 68,295",227,25,1
426,나만을,저 나왕식이라고 써있는 목걸이를 써니가 간직하고 있다가 살빼고 멋있어진 최진혁이 발견하게 되는 내용이 나올 것 같아요,36,0,"장나라, 물 건너간 위로금에 아쉬움 가득 ‘자존심이 뭐길래’","재생수 68,295",227,25,1
427,처음처름1018,황후는 장나라가 나서줘야 재미질듯장나라는 모두랑 케미 괜찮네,53,0,"장나라, 물 건너간 위로금에 아쉬움 가득 ‘자존심이 뭐길래’","재생수 68,295",227,25,1
428,처음처름1018,장나라 태후랑 케미 있네나중에 대결 기대된다,34,0,"장나라, 물 건너간 위로금에 아쉬움 가득 ‘자존심이 뭐길래’","재생수 68,295",227,25,1
429,db16,장나라연기스탈질려,7,17,"장나라, 물 건너간 위로금에 아쉬움 가득 ‘자존심이 뭐길래’","재생수 68,295",227,25,1
430,지젤,명랑성공기였나 그때랑 연기력이나 톤이나 똑같다,11,16,"장나라, 물 건너간 위로금에 아쉬움 가득 ‘자존심이 뭐길래’","재생수 68,295",227,25,1
431,imga****,나라짱 넘귀여워욧~ 나라짱의 시간만 거꾸로 가는듯ㅜㅠ,16,6,"장나라, 물 건너간 위로금에 아쉬움 가득 ‘자존심이 뭐길래’","재생수 68,295",227,25,1
432,꽁꽁꽁,돈도 잘 못벌텐데 ㅋㅋ 챙기지 !!,8,3,"장나라, 물 건너간 위로금에 아쉬움 가득 ‘자존심이 뭐길래’","재생수 68,295",227,25,1
433,별하,위로금을 누가 저딴식으로 주냐 치료비 일체보상이 기본이지 황제테러에 같이 있던 민간인은 치료만해준다 쳐도 장나라는 황제의 목숨을 구했다고 언론에서 인터뷰하려고 득달같이 붙는 장면이 나와야 되는데 입헌군주국에서 저렇게 언론을 덮ㅇ는게 말이 되나 파파라치가 기본인데,156,0,"장나라, 물 건너간 위로금에 아쉬움 가득 ‘자존심이 뭐길래’","재생수 68,295",227,25,1
434,peach,속물써니ㅋㅋ 귀여워 나같으면 철판깔고 받을텐데,15,6,"장나라, 물 건너간 위로금에 아쉬움 가득 ‘자존심이 뭐길래’","재생수 68,295",227,25,1
435,겨울아이,귀여워라ㅋㅋ 얼른 챙겼어야지 자존심이 뭐라고ㅋㅋㅋㅋ 황실은 애초에 줄 생각이 없었나본데 저걸 받았어야지!!! 태후는 태후네 쓰리샷에서 악의 기운이 느껴진다ㅋㅋㅋㅋㅋ,141,6,"장나라, 물 건너간 위로금에 아쉬움 가득 ‘자존심이 뭐길래’","재생수 68,295",227,25,1
436,냥이,저라두 그냥 챙겼을것 같은ㅋㅋㅋㅋ 나라언니 완전 귀여웡,14,7,"장나라, 물 건너간 위로금에 아쉬움 가득 ‘자존심이 뭐길래’","재생수 68,295",227,25,1
437,멍뭉이엄기준,다들 왜 눈치줘ㅋㅋ큐,112,9,"장나라, 물 건너간 위로금에 아쉬움 가득 ‘자존심이 뭐길래’","재생수 68,295",227,25,1
438,mida****,ㅎㅎ어여뿐 나라짱♡♡,81,8,"장나라, 물 건너간 위로금에 아쉬움 가득 ‘자존심이 뭐길래’","재생수 68,295",227,25,1
439,후하하,ㅋㅋㅋㅋㅋ 귀여워 ㅋㅋㅋ,66,7,"장나라, 물 건너간 위로금에 아쉬움 가득 ‘자존심이 뭐길래’","재생수 68,295",227,25,1
440,푸른햇살,귀엽네~ㅎㅎ,41,8,"장나라, 물 건너간 위로금에 아쉬움 가득 ‘자존심이 뭐길래’","재생수 68,295",227,25,1
441,hbh9****,자존심이 뭐라고 ㅋㅋㅋㅋ ㅠㅠ,70,7,"장나라, 물 건너간 위로금에 아쉬움 가득 ‘자존심이 뭐길래’","재생수 68,295",227,25,1
442,쿠크,ㅋㅋㅋㅋㅋㅋㅋㅋ눈물을 머금고 못받았어,1,0,"장나라, 물 건너간 위로금에 아쉬움 가득 ‘자존심이 뭐길래’","재생수 68,295",227,25,1
443,안주,받았어야지,5,0,"장나라, 물 건너간 위로금에 아쉬움 가득 ‘자존심이 뭐길래’","재생수 68,295",227,25,1
444,LEEJH,나같으면 감사합니다하고 챙길거야ㅋㅋㅋㅋ 어차피 저 사람들 다시 볼 사람들도 아니고 잠깐의 창피함만 참으면 되니까...,30,0,"장나라, 물 건너간 위로금에 아쉬움 가득 ‘자존심이 뭐길래’","재생수 68,295",227,25,1
445,Masterpiece,ㅋㅋㅋㅋㅋㅋㅋㅋㅋㅋ개웃겨,16,2,"장나라, 물 건너간 위로금에 아쉬움 가득 ‘자존심이 뭐길래’","재생수 68,295",227,25,1
446,나만을,저 나왕식이라고 써있는 목걸이를 써니가 간직하고 있다가 살빼고 멋있어진 최진혁이 발견하게 되는 내용이 나올 것 같아요,36,0,"장나라, 물 건너간 위로금에 아쉬움 가득 ‘자존심이 뭐길래’","재생수 68,295",227,25,1
447,처음처름1018,황후는 장나라가 나서줘야 재미질듯장나라는 모두랑 케미 괜찮네,53,0,"장나라, 물 건너간 위로금에 아쉬움 가득 ‘자존심이 뭐길래’","재생수 68,295",227,25,1
448,처음처름1018,장나라 태후랑 케미 있네나중에 대결 기대된다,34,0,"장나라, 물 건너간 위로금에 아쉬움 가득 ‘자존심이 뭐길래’","재생수 68,295",227,25,1
449,db16,장나라연기스탈질려,7,17,"장나라, 물 건너간 위로금에 아쉬움 가득 ‘자존심이 뭐길래’","재생수 68,295",227,25,1
450,지젤,명랑성공기였나 그때랑 연기력이나 톤이나 똑같다,11,16,"장나라, 물 건너간 위로금에 아쉬움 가득 ‘자존심이 뭐길래’","재생수 68,295",227,25,1
451,imga****,나라짱 넘귀여워욧~ 나라짱의 시간만 거꾸로 가는듯ㅜㅠ,16,6,"장나라, 물 건너간 위로금에 아쉬움 가득 ‘자존심이 뭐길래’","재생수 68,295",227,25,1
452,꽁꽁꽁,돈도 잘 못벌텐데 ㅋㅋ 챙기지 !!,8,3,"장나라, 물 건너간 위로금에 아쉬움 가득 ‘자존심이 뭐길래’","재생수 68,295",227,25,1
453,별하,위로금을 누가 저딴식으로 주냐 치료비 일체보상이 기본이지 황제테러에 같이 있던 민간인은 치료만해준다 쳐도 장나라는 황제의 목숨을 구했다고 언론에서 인터뷰하려고 득달같이 붙는 장면이 나와야 되는데 입헌군주국에서 저렇게 언론을 덮ㅇ는게 말이 되나 파파라치가 기본인데,156,0,"장나라, 물 건너간 위로금에 아쉬움 가득 ‘자존심이 뭐길래’","재생수 68,295",227,25,1
454,peach,속물써니ㅋㅋ 귀여워 나같으면 철판깔고 받을텐데,15,6,"장나라, 물 건너간 위로금에 아쉬움 가득 ‘자존심이 뭐길래’","재생수 68,295",227,25,1
455,겨울아이,귀여워라ㅋㅋ 얼른 챙겼어야지 자존심이 뭐라고ㅋㅋㅋㅋ 황실은 애초에 줄 생각이 없었나본데 저걸 받았어야지!!! 태후는 태후네 쓰리샷에서 악의 기운이 느껴진다ㅋㅋㅋㅋㅋ,141,6,"장나라, 물 건너간 위로금에 아쉬움 가득 ‘자존심이 뭐길래’","재생수 68,295",227,25,1
456,냥이,저라두 그냥 챙겼을것 같은ㅋㅋㅋㅋ 나라언니 완전 귀여웡,14,7,"장나라, 물 건너간 위로금에 아쉬움 가득 ‘자존심이 뭐길래’","재생수 68,295",227,25,1
457,멍뭉이엄기준,다들 왜 눈치줘ㅋㅋ큐,112,9,"장나라, 물 건너간 위로금에 아쉬움 가득 ‘자존심이 뭐길래’","재생수 68,295",227,25,1
458,mida****,ㅎㅎ어여뿐 나라짱♡♡,81,8,"장나라, 물 건너간 위로금에 아쉬움 가득 ‘자존심이 뭐길래’","재생수 68,295",227,25,1
459,후하하,ㅋㅋㅋㅋㅋ 귀여워 ㅋㅋㅋ,66,7,"장나라, 물 건너간 위로금에 아쉬움 가득 ‘자존심이 뭐길래’","재생수 68,295",227,25,1
460,푸른햇살,귀엽네~ㅎㅎ,41,8,"장나라, 물 건너간 위로금에 아쉬움 가득 ‘자존심이 뭐길래’","재생수 68,295",227,25,1
461,hbh9****,자존심이 뭐라고 ㅋㅋㅋㅋ ㅠㅠ,70,7,"장나라, 물 건너간 위로금에 아쉬움 가득 ‘자존심이 뭐길래’","재생수 68,295",227,25,1
462,bono****,공감ㅋㅋ,20,6,"장나라, 물 건너간 위로금에 아쉬움 가득 ‘자존심이 뭐길래’","재생수 68,295",227,25,1
463,파란하늘,그냥가져가지는 아깝다 황실측도 줄마음이 없구만,199,7,"장나라, 물 건너간 위로금에 아쉬움 가득 ‘자존심이 뭐길래’","재생수 68,295",227,25,1
464,vldk****,나같으면 언능챙김~~~ㅋㅋㅋ,221,9,"장나라, 물 건너간 위로금에 아쉬움 가득 ‘자존심이 뭐길래’","재생수 68,295",227,25,1
465,yoost,ㅋㅋㄲㅋ,44,6,"장나라, 물 건너간 위로금에 아쉬움 가득 ‘자존심이 뭐길래’","재생수 68,295",227,25,1
466,지은,와 이엘리야 어떤연기는 진짜 잘하는데 어떤연기는 너무 부자연스럽게 하고...,5,1,"“절대 말하지 마” 이엘리야, 신성록과의 관계 알게 된 황영희 앞 ‘당황’","재생수 179,939",268,24,1
467,vkekwkz,이엘리아 이거 완죤 신애리+양달희 아니냐?ㅋㅋㅋ,40,0,"“절대 말하지 마” 이엘리야, 신성록과의 관계 알게 된 황영희 앞 ‘당황’","재생수 179,939",268,24,1
468,슈라,이거 작가가 임성한인가요?? 개씝막장이네 ㅉ,24,2,"“절대 말하지 마” 이엘리야, 신성록과의 관계 알게 된 황영희 앞 ‘당황’","재생수 179,939",268,24,1
469,하헤히호후,나왕식이 민유리보고 자기한테 시집오라고했는데 나동식은또 뭐임???,16,1,"“절대 말하지 마” 이엘리야, 신성록과의 관계 알게 된 황영희 앞 ‘당황’","재생수 179,939",268,24,1
470,쥬이스,후에 소름돋는  최진혁님 복수 기대해요~~,2,0,"“절대 말하지 마” 이엘리야, 신성록과의 관계 알게 된 황영희 앞 ‘당황’","재생수 179,939",268,24,1
471,가을,처절한 연기 너무 잘한다 이엘리야 이렇게까지 연기잘하는줄 몰랐다,129,10,"“절대 말하지 마” 이엘리야, 신성록과의 관계 알게 된 황영희 앞 ‘당황’","재생수 179,939",268,24,1
472,db16,"임성한 작가는 ""쓰면서도 '이건 아니지, 너무 심하지..' 했지만 만에 하나 상대 드라마가 마지막 회 프리미엄을 얻어 0.1프로라도 우리 드라마를 앞서면 그 드라마는 결국 우리 드라마를 이기고 끝난 게 되기 때문에 그동안의 내 고생과 노력이 수포로 돌아갈 수밖에 없어, 눈물을 머금고 에피소드를 동원했다""고 밝혔다. 임 작가는 자신의 이같은 행동을 '악행'이라 표현하기도 했다. ㅡㅡㅡㅡㅡㅡㅡㅡ 김순옥도? 임성한 드작 은퇴하고 털어놓는이야기 시청률위해 독약 풀라고 방송국에서 전화오면 사람죽이고 사고내고 ㅋㅋ 시청률이 진정 다냐?",87,3,"“절대 말하지 마” 이엘리야, 신성록과의 관계 알게 된 황영희 앞 ‘당황’","재생수 179,939",268,24,1
473,초롱이,이엘리야 연기잘한다 몰입도 최고,158,13,"“절대 말하지 마” 이엘리야, 신성록과의 관계 알게 된 황영희 앞 ‘당황’","재생수 179,939",268,24,1
474,peach,왕식이 엄니ㅠ,55,3,"“절대 말하지 마” 이엘리야, 신성록과의 관계 알게 된 황영희 앞 ‘당황’","재생수 179,939",268,24,1
475,별하,이야기 구성이 왜저럼ㅋㅋ 최진혁엄마는 진짜 이엘리야 엄마처럼 굴어 자기아들생각하면 그냥 자기가 엘리야보고 꺼지라고 연끊고 아들한테는 암말안하지 않나 누구엄마인지;,201,2,"“절대 말하지 마” 이엘리야, 신성록과의 관계 알게 된 황영희 앞 ‘당황’","재생수 179,939",268,24,1
476,경단,볼수록 궁금하긴한데~ 난솔직히 저남편이 부인한테 딴놈하고만나면죽인다고한말보고는 그런사람이랑 어떻게사나생각했고 엄마라는사람이 저런광경을 목격하고 성격뻔히~~이상한남편한테 가서말한다는거에도 이해가되질않는다~~;; 그렇다고 바람난게잘했다고하는건아니지만 드라마몰입해서 생각해보니..끔찍하네~~,64,3,"“절대 말하지 마” 이엘리야, 신성록과의 관계 알게 된 황영희 앞 ‘당황’","재생수 179,939",268,24,1
477,밥집부인,맥락을 찾을수없어 아 너무했다 보통 첫회보고 나중을 볼지말지 결정하는데 시작이 영... 자극적인 장면을 넣는다고 다 끌리는건 아닌데.. 스토리가있어야 자극적인것도 시청자한테 확 와닿지 이런 앞뒤없는 스토리는 처음본다..,226,8,"“절대 말하지 마” 이엘리야, 신성록과의 관계 알게 된 황영희 앞 ‘당황’","재생수 179,939",268,24,1
478,비천무,참나... 너무 큰걸 기대했나보다...ㅠ 로맨스릴러? 어디가?,5,3,"“절대 말하지 마” 이엘리야, 신성록과의 관계 알게 된 황영희 앞 ‘당황’","재생수 179,939",268,24,1
479,개똥벌레5421,ㅋㅋㅋㅋㅋㅋㅋ더 봐야 알겠지만 1회부터 무슨 스토리가이러냐 ㅋㅋㅋㅋ 난 페하라고 하길래 음...대한제국 컨셉인가 하고 봤는데 무슨 페하가 스마트폰 쓰고앉아잇냨 ㅋㅋㅋㅋㅋㅋ-ㅋㅋㅋㄴㄴㄴㄴㄴ,8,4,"“절대 말하지 마” 이엘리야, 신성록과의 관계 알게 된 황영희 앞 ‘당황’","재생수 179,939",268,24,1
480,쩡이앙마님,ㅋㅋ  어떻게 최진혁이 된다는거야!??진짜 ㅡㅡ,3,2,"“절대 말하지 마” 이엘리야, 신성록과의 관계 알게 된 황영희 앞 ‘당황’","재생수 179,939",268,24,1
481,vldk****,아무리..살을빼면 잎뻐지고 멋있어진다지만..나왕식이..살빼고나면 최진혁이라니..,607,11,"“절대 말하지 마” 이엘리야, 신성록과의 관계 알게 된 황영희 앞 ‘당황’","재생수 179,939",268,24,1
482,수정구슬,무슨 내용이 ㅡㅡ,38,2,"“절대 말하지 마” 이엘리야, 신성록과의 관계 알게 된 황영희 앞 ‘당황’","재생수 179,939",268,24,1
483,주니,옛날 궁 드라마 생각하며 딸이랑 같이 보다 화들짝내용이 인질 도박 폭력 내연관계 음독살인 뺑소니,400,17,"“절대 말하지 마” 이엘리야, 신성록과의 관계 알게 된 황영희 앞 ‘당황’","재생수 179,939",268,24,1
484,brandon,연기 좋다,135,15,"“절대 말하지 마” 이엘리야, 신성록과의 관계 알게 된 황영희 앞 ‘당황’","재생수 179,939",268,24,1
485,gwak****,헬로의 심정이 이해가 감 .,5,0,"스테파니 리, 철딱서니 없는 도박 중독 윤다훈에 격노 ‘그 손 잘라버려!’","재생수 55,267",172,7,1
486,승은,이겨서 돈 받을 차례 아니었나.. 돈은 받고 쳐들어가지 아깝ㅜㅜㅜㅜㅜㅜㅜ,14,0,"스테파니 리, 철딱서니 없는 도박 중독 윤다훈에 격노 ‘그 손 잘라버려!’","재생수 55,267",172,7,1
487,싹스리,ㆍ연기가 좀 오바한다 좀 자연스럽게 스테파니야,4,5,"스테파니 리, 철딱서니 없는 도박 중독 윤다훈에 격노 ‘그 손 잘라버려!’","재생수 55,267",172,7,1
488,갓갓,본방 사운드도 이상하더니ㅋㅋㅋㅋㅋㅋㅋ스브스 왜그래.... 노답,57,2,"스테파니 리, 철딱서니 없는 도박 중독 윤다훈에 격노 ‘그 손 잘라버려!’","재생수 55,267",172,7,1
489,뿅뿅,영상 소리 안나와요ㅡㅡ 올리고 확인좀...,38,2,"스테파니 리, 철딱서니 없는 도박 중독 윤다훈에 격노 ‘그 손 잘라버려!’","재생수 55,267",172,7,1
490,뽀글이,힘내♡,24,4,"스테파니 리, 철딱서니 없는 도박 중독 윤다훈에 격노 ‘그 손 잘라버려!’","재생수 55,267",172,7,1
491,뽀글이,ㅋㅋㅋ,16,0,"스테파니 리, 철딱서니 없는 도박 중독 윤다훈에 격노 ‘그 손 잘라버려!’","재생수 55,267",172,7,1
